|CharacterName|WikiLink;
0|2-D Man|;
1|3G4|;
2|4-D|International Ultramarine Corps#Founding membership;
3|500Z-Q|Hero Hotline#Support crew;
4|666|;
5|#711|711 (Quality Comics);
6|8-Ball|;
7|Ace the Bat-Hound|Ace the Bat-Hound;
8|Agent Liberty|Agent Liberty;
9|Adam Strange|Adam Strange;
10|Air Wave|Air Wave;
11|Amazing Man|Amazing-Man (DC Comics);
12|Ambush Bug|Ambush Bug;
13|Amethyst, Princess of Gemworld|Amethyst, Princess of Gemworld;
14|Animal Man|Animal Man;
15|Anthro|Anthro (comics);
16|Apache Chief|Apache Chief;
17|Argent|Argent (character);
18|Aquagirl|Aquagirl;
19|Aqualad|Aqualad;
20|Aquaman|Aquaman;
21|Arak|Arak (character);
22|Arion|Arion (comics);
23|Arrowette|Arrowette;
24|Artemis of Bana-Mighdall|Artemis of Bana-Mighdall;
25|Atlas|Atlas (DC Comics);
26|Atom|Atom (character);
27|Al Pratt|Atom (Al Pratt);
28|Atomic Knight|Atomic Knight;
29|Azrael|Azrael (DC Comics);
30|Aztez|Aztek (character);
31|Alura|Alura (DC Comics);
32|Antiope|Antiope (comics);
33|Arella|Arella;
34|Abra Kadabra|Abra Kadabra (character);
35|Amazo|Amazo;
36|Amygdala|Amygdala (character);
37|Anarky|Anarky;
38|Angle Man|Angle Man;
39|Animal-Vegetable-Mineral Man|Animal-Vegetable-Mineral Man;
40|Anti-Monitor|Anti-Monitor;
41|Arcane, Anton|Anton Arcane;
42|Ares|Ares (DC Comics);
43|Atomic Skull|Atomic Skull;
44|Atrocitus|Atrocitus;
45|Zymyr|Legion_of_Super-Villains#Roster;
46|Ace of Spades|;
47|Acrata|;
48|Aegeus, Nikos|;
49|Agamemno|;
50|Airstryke|;
51|al-Sheikh, Naif|;
52|Allen, Henry|;
53|Allen, Nora|;
54|Allnut, Harold|;
55|Alpha Centurion|;
56|Amazing Grace|;
57|Anima|;
58|Ant|;
59|Antaeus, Mark|;
60|Archer|;
61|Argus|;
62|Arm-Fall-Off-Boy|;
63|Arkham, Amadeus|;
64|Arkham, Jeremiah|;
65|Armless Master|;
66|Arrakhat|;
67|Asmodel|;
68|Atlan|;
69|Atlanna|;
70|Atmos|;
71|Aurakles|;
72|August General in Iron|Great Ten#August General in Iron;
73|Awkwardman|Inferior Five#Members;
74|Azazel|;
75|B.E.M.|Superboy_(Kon-El)#Hero_of_Hawaii;
76|Ba'al-Hadad|Hell_(DC_Comics)#Notable_Damned;
77|Babe|Blood_Syndicate#Other_characters;
78|Baby Boom|Infinity,_Inc.#Helix;
79|Baby Wildebeest|Baby_Wildebeest;
80|Backlash|Aryan_Brigade#Aryan_Brigade_I;
81|Bad Betty|Shadow_Cabinet_(comics)#Membership;
82|Bad Sam|Ventriloquist (character);
83|Badb|Onslaught_(DC_Comics)#Team_two_(Suicide_Squad_vol._1#17-19);
84|Bag O'Bones|Ned_Creegan;
85|Bagman|The_Pentacle#Membership;
86|Baines, George|Invasion!_(DC_Comics)#Tie-In_Issues;
87|Baker|Blackhawk_(DC_Comics)#Original_Team;
88|Baker, Ellen|Animal_Man#Post-Crisis;
89|Bal Gand|Daxam#Bal_Gand;
90|Baldur|War_of_the_Gods_(comics)#Crossover_titles;
91|Baledor|Arak (character);
92|Bal-Gra|Phantom_Zone#Pre-Crisis;
93|Ballistic Baboon|Captain Carrot and His Amazing Zoo Crew!#Team_members;
94|Balloon Buster|Men_of_War_(comics)#Recurring_characters_and_features;
95|Balloon Man|Metal_Men#One-shot_enemies;
96|Balum|Richard Balam;
97|Bambi|Batman:_Mask_of_the_Phantasm#Plot;
98|Bananas|Dingbats_of_Danger_Street#Membership;
99|Bane|Bane (DC Comics);
100|Banjahri, Padu|Kobra (DC Comics);
101|Banshe|Question (character);
102|Baphomet|Hell_(DC_Comics)#Fiends;
103|Barbara Kean-Gordon|James Gordon (character);
104|Barbara Whitmore-Dugan|Courtney_Whitmore#Stars_and_S.T.R.I.P.E.;
105|Barbariccia|Hell_(DC_Comics)#Lesser_Damned;
106|Barbie|The_Sandman:_A_Game_of_You;
107|Bard, Jason|Jason_Bard;
108|Bar-El|All-Star_Superman#Plot;
109|Barin|Boodikka#Kreon;
110|Barin Char|Green_Lantern_Versus_Aliens#Plot;
111|Barium|Metal_Men#One-shot_enemies;
112|Barker|Klaus_Nordling#Early_life_and_career;
113|Barney Ling|Richard_Dragon#Original_history;
114|Baron Bedlam|Baron_Bedlam;
115|Baron Blitzkrieg|Baron_Blitzkrieg;
116|Baron Bug|Dial_H_for_Hero#Villains;
117|Baron Ruthven|Lord_Ruthven_(vampire)#Subsequent_appearances;
118|Baron Tyme|Francine_Langstrom#Fictional_character_biography;
119|Baron Winters|Night Force;
120|Baroness Destine|Wildcats (comics);
121|Baroness Paula von Gunther|Paula_von_Gunther;
122|Barracuda (I)|Crusaders_(DC_Comics);
123|Barracuda (II)|Justice League;
124|Barracuda (III)|Crime_Syndicate_of_America#Members;
125|Barracuda (IV)|First_Strike_(DC_Comics)#Members;
126|Barrett, Sandra 'the Bear'|Department_of_Extranormal_Operations#Operatives;
127|Barricade|COPS (animated TV series)#Comic books;
128|Barry Allen|Flash_(Barry_Allen);
129|Barry Brown|Batman_and_Robin_(serial)#Cast;
130|Barry West|Wally_West#Other_versions;
131|Bart Allen|Bart_Allen;
132|Bart Regan|Louis_Cazeneuve#DC_Comics_and_Aquaman;
133|Barter|Hawk_and_Dove#Hank_Hall_and_Dawn_Granger;
134|Batholomew, Doctor|Lock-Up_(comics)#Batman:_The_Animated_Series;
135|Bartlett, Joe|Gotham_City_Police_Department#Current_roster;
136|Bash Bashford|Superboy_(Kal-El)#Mythos_and_supporting_cast;
137|Basquat|Characters_of_Smallville#Other_characters;
138|Bast|Olympian_Gods_(DC_Comics)#Merger_of_Pantheons;
139|Bat Lash|Bat_Lash;
140|Bates, Cary|Cary_Bates#Biography;
141|Bates, Stella|Clayface#Television;
142|Batiri|Bana-Mighdall#Notable_members;
143|Batman|Batman#In_other_media;
144|Batman(Earth-2)|Batman_(Earth-Two);
145|Batman(Earth-37)|Alternative_versions_of_Robin#Elseworlds;
146|Batman (853rd century)|Justice_Legion_Alpha;
147|Batman, Junior|Super-Sons;
148|Batman II|Alternative_versions_of_Robin#Bruce_Wayne_Junior;
149|Batman Duplicate|Batman:_The_Animated_Series#Antagonists;
150|Batman of Zur-En-Arrh|Batman_of_Zur-En-Arrh;
151|Batmyte|Hero_Hotline#Night_shift;
152|Battalion (I)|Battalion_(DC_Comics);
153|Bat-Thing|Bat-Thing;
154|Battleax|Battle axe;
155|Battle-Cat|Masters_of_the_Universe_(comics)#DC_Comics_limited_series_(1982);
156|Batwoman|Batman:_Mystery_of_the_Batwoman;
157|Batzarro|Bizarro World#Known inhabitants;
158|Baytor|Hell_(DC_Comics)#Lesser_Damned;
159|Bazil|Bazil;
160|Beaker Parish|Thriller_(DC_Comics)#The_Seven_Seconds;
161|Beam Beagle|Space_Canine_Patrol_Agents#Membership;
162|Bear|League_of_Assassins#Several_factions;
163|Beast|Suicide_Squad#Membership:_World_War_II_Squad;
164|Beast Boy(I)|Heroes_of_Lallor#Members;
165|Beast Boy(II)|Beast_Boy;
166|Beastman|Masters_of_the_Universe_(comics)#DC_Comics_limited_series_(1982);
167|Beaumont, Carl|Batman:_Mask_of_the_Phantasm#Plot;
168|Beautia Sivana|Marvel_Family#Marvel_Family_allies;
169|Beautiful Dreamer|Forever People#Beautiful Dreamer;
170|Beauty Blaze|Legion_of_Super-Villains#Roster;
171|Bebe|Henry_Boltinoff;
172|Becan|Xombi#Supporting_characters;
173|Becky Tane|Johnny_Thunder#John_Tane;
174|Bedovian|Sinestro Corps#Ring bearers;
175|Beefeater|Beefeater (character);
176|Beezy Bumble|Crack_Comics#Recurring_features;
177|Behemoth|Teen Titans;
178|Bek, Garryn|Garryn_Bek;
179|Bekka|Bekka;
180|Bel Juz|Martian_Manhunter#Rogues_gallery;
181|Belial|Belial_in_popular_culture#Comics;
182|Bellerophon|The_Monarchy_(comics)#Members;
183|Belloc, Elaine|Elaine_Belloc;
184|Bellows, Tony|The_Flash_(1990_TV_series)#Cast;
185|Belmont, Dian|Sandman_(Wesley_Dodds)#Golden_Age_of_comic_books;
186|Belphegor|Belphegor#Popular_culture;
187|Belthera, Queen|Countdown_to_Final_Crisis#Donna_Troy,_Jason_Todd,_Kyle_Rayner,_and_Ray_Palmer;
188|Belyllioth|Belyllioth;
189|Ben Boxer|Kamandi#Revival;
190|Ben Hunter|Our_Fighting_Forces#Characters;
191|Ben Marshall|Nemesis_(DC_Comics)#Fictional_character_biography;
192|Bendel-White, Alistair|Intergang#Henchmen;
193|Benedict Arnold|Hell_(DC_Comics)#Publication_history;
194|Benedict Asp|Weasand_(comics);
195|Beneduck Arnold|Captain_Carrot_and_His_Amazing_Zoo_Crew!#Countdown;
196|Benjamin Love|Mister_Bones#Origin;
197|Bennet, James|The_Zeta_Project#Characters;
198|Bennet, Mona|Eclipso#Eclipso_series;
199|Bennett, Doctor|Shadow_Fighters#Members;
200|Benny the Mover|52_(comics)#Audiobook;
201|Benson, Luke|Superman_and_the_Mole_Men#Cast;
202|Beowulf|Beowulf_(DC_Comics);
203|Beppo|Beppo_(comics);
204|Bernadeth|Bernadeth;
205|Bernie Capax|The_Sandman:_Brief_Lives#(#43)_Chapter_3;
206|Bernie the Brain|Sugar_and_Spike#Featured_characters;
207|Berra, Queen|Garth_(comics)#Origin;
208|Berserko|COPS (animated TV series)#Comic books;
209|Bertinelli, Helena|Huntress_(Helena_Bertinelli);
210|Bertron|Doomsday (DC Comics);
211|Bertron Diib|L.E.G.I.O.N.#Later_members;
212|Bes|The_Sandman:_Season_of_Mists#Synopsis;
213|Bester, Joe|Cosmic_Odyssey_(comics)#Book_Four:_Death;
214|Bette Noir|Martian_Manhunter#Rogues_gallery;
215|Betty Clawman|Betty_Clawman;
216|Bianca Steeplechase|Alternative_versions_of_Robin#Richart_Graustark;
217|Bibbo Bibbowski|Bibbo_Bibbowski;
218|Bifa|Swamp Thing;
219|Biff|Nuclear_Family_(comics);
220|Biff Banks|Crack_Comics#Recurring_features;
221|Biff Bradley|Slam_Bradley#Publication_history;
222|Biff Bronson|All_Star_Comics#Original_Series;
223|Big Atomic Lantern Boy|Super_Young_Team#Big_Atomic_Lantern_Boy;
224|Big Barda|Big_Barda;
225|Big Bear|Forever People#Big Bear;
226|Big Boss|COPS (animated TV series)#Comic books;
227|Big Breeda|Big Barda;
228|Big Caesar|Seven_Soldiers_of_Victory#Pre-Crisis;
229|Big Game Hunter|Big-game hunting;
230|Big Sir|Big Sir (character);
231|Big Words (I)|Newsboy_Legion#Pre-Crisis_version;
232|Big Words (II)|Newsboy_Legion#Post-Crisis_version;
233|Bigelow, Charlie|Batman_Beyond#Villains;
234|Zsasz, Victor|Victor_Zsasz;
235|Bigfoot|Freedom_Fighters_(comics)#Current_team;
236|Bigsbe, Major|Paul_Gustavson#Creating_characters;
237|Bilbao, Lieutenant|Gotham_City_Police_Department#Current_roster;
238|Bill Church, Junior|Intergang#Television;
239|Bill Church, Senior|Intergang#Television;
240|Bill Corrigan|Superman_and_the_Mole_Men#Cast;
241|Bill Craig|Haunted_Tank#Fictional_character_biography;
242|Bill Jensen|Batman_(Earth-Two)#Divergence_with_Earth-One;
243|Billion Dollar Bates|Anti-Life_Equation#Fictional_history;
244|Billy|Killer_Croc#Television;
245|Billy Gunn|Vigilante_(comics)#Greg_Saunders;
246|Billy Numerous|Minor_characters_in_Teen_Titans_(animated_series)#Billy_Numerous;
247|Billy O'Dare|Shade (character);
248|Billy Pettit|Gotham_City_Police_Department#Former_members;
249|Billy the Kid|Billy_the_Kid_(DC_Comics);
250|Billy Yank|Billy_Yank;
251|Binky Biggs|Leave_It_to_Binky;
252|Zyklon|All-Star Squadron;
253|Birdman|Harvey_Birdman;
254|Bitari|Bana-Mighdall#Notable_members;
255|Bizarra|Bizarra;
256|Bizarress|Superwoman#Mxyzptlk's_Superwoman;
257|Bizarro|Bizarro;
258|Bizarro, Al|A._Bizarro;
259|Bizarro, Junior|Bizarro#Pre-Crisis_Bizarro;
260|Bizarro-Aquaman|Bizarro_League#Members;
261|Bizarro-Flash(I)|Flash (DC Comics character)#Bizarro Flash;
262|Bizarro-Flash(II)|Bizarro_League#Members;
263|Bizarro-Green Arrow|Bizarro_League#Members;
264|Bizarro-Hawkgirl|Bizarro_League#Members;
265|Bizarro-Hawkman|Bizarro_League#Members;
266|Bizarro-Jimmy Olsen|Bizarro_World#History;
267|Bizarro-Krypto|Bizarro_World#History;
268|Bizarro-Lana Lang|Bizarro_World#History;
269|Bizarro-Lois Lane|Bizarro#Pre-Crisis_Bizarro;
270|Bizarro-Lucy Lane|Bizarro_World#History;
271|Bizarro-Luthor|Bizarro_World#History;
272|Bizarro-Marilyn Monroe|Bizarro_World#History;
273|Bizarro-Morgan Edge|Bizarro_World#History;
274|Bizarro-Mxyzptlk|Mister_Mxyzptlk#The_5th_Dimension_and_Magic_Imps;
275|Bizarro-Perry White|Bizarro_World#History;
276|Bizarro-Supergirl|Alternative_versions_of_Supergirl#Mainstream_and_continually_published_depictions;
277|Bizarro-Titano|Bizarro#Pre-Crisis_Bizarro;
278|Bjornson, Olaf|Blackhawk_(DC_Comics)#Original_Team;
279|Black Adam|Black_Adam;
280|Black Alice|Black_Alice_(comics);
281|Black Bat|Black_Bat;
282|Black Beetle|Black_Beetle_(DC_Comics);
283|Black Betty|Stormwatch:_Post_Human_Division#Characters;
284|Black Bison (I)|Bison-Black-as-Midnight-Sky;
285|Black Bison (II)|John_Ravenhair;
286|Black Canary|Kingdom_Come_(comics)#Batman's_&quot;Outsiders&quot
287|Black Circle|Black_Circle;
288|Black Condor|Superwoman#Mxyzptlk's_Superwoman;
289|Black Dragon|Karate_Kid_(comics)#Fictional_character_biography;
290|Black Flash|Black_Flash;
291|Black Hand|Black Hand (character);
292|Black Hood|Black_Hood;
293|Black Jack|Impact_Comics#Characters;
294|Black King|Checkmate_(comics)#In_between_volumes;
295|Black Lightning|Black_Lightning;
296|Black Mace|Legion_of_Super-Villains#Final_Crisis:_The_Legion_of_Three_Worlds;
297|Black Manta|Black_Manta;
298|Black Mask|Black Mask (character);
299|Black Mass|Cadre (comics);
300|Black Mongul|Kingdom_Come_(comics)#Rogue_metahumans;
301|Black Nergal|Hell_(DC_Comics)#Fiends;
302|Black Orchid (I)|Black_Orchid_(comics)#Susan_Linden-Thorne;
303|Black Orchid (II)|Black_Orchid_(comics)#Flora_Black;
304|Black Orchid (III)|Black_Orchid_(comics)#Suzy;
305|Black Pirate|Black_Pirate#Fictional_character_biography;
306|Black Racer|Black_Racer_(DC_Comics);
307|Black Shark|Crack_Comics#Recurring_features;
308|Black Siren|Justice_Guild_of_America#Homages;
309|Black Spider (I)|Black_Spider#Fictional_character_biographies;
310|Black Spider (II)|Black_Spider#Johnny_LaMonica;
311|Black Thorn|Black Thorn (character);
312|Black Vulcan|Black_Vulcan;
313|Black Witch|Impact_Comics#Characters;
314|Black X|Smash_Comics;
315|Black Zero|Black Zero;
316|Black Zero (II)|Black Zero;
317|Black, Manchester|Manchester_Black;
318|Black, Mart|Tommy_Tomorrow#Fictional_character_biography;
319|Black, Vera|Vera_Black;
320|Blackbriar Thorn|Injustice Society;
321|Blackfire|Blackfire_(DC_Comics);
322|Blackguard|100_(DC_Comics)#1000_Operatives;
323|Blackhawk|Blackhawk_(DC_Comics);
324|Blackhawk (II)|Blackhawk_(DC_Comics);
325|Blackjack|Dial_H_for_Hero#Chris_King_and_Vicki_Grant;
326|Blackjak|Atari_Force#Plot;
327|Blackmask|Blackmask (comic book);
328|Blackrock|Blackrock_(comics);
329|Blacksmith|Blacksmith (character);
330|Blacksnake|Atom_(Ray_Palmer)#Sword_of_the_Atom,_Power_of_the_Atom,_and_Teen_Titans;
331|Blackstarr|Supergirl#Enemies;
332|Blackwing|Blackwing#DC_Comics;
333|Blade Master|Dial_H_for_Hero#Chris_King_and_Vicki_Grant;
334|Blade Summer|Batman_Beyond#Recurring_characters;
335|Blake, Thomas|Catman (DC Comics);
336|Blanc-Dumont, Andre|Blackhawk_(DC_Comics)#Original_Team;
337|Blaze|Effigy_(DC_Comics)#Breakdown;
338|Blazon|Vext#Gods_of_the_Jejune_Realm;
339|Bleez|Red_Lantern_Corps#Prominent_members;
340|Blimp|Inferior_Five#Members;
341|Blimp Black|Scoop_Smith;
342|Blimpy|Blimpie;
343|Blind Faith|Aryan_Brigade#Aryan_Brigade_I;
344|Blindside|Relative_Heroes#Members;
345|Binky|Stamp_Day_for_Superman#Cast;
346|Blinky Boylan|Winky,_Blinky,_and_Noddy;
347|Blip|Xenobrood#Members;
348|Blish|Arisia_Rrab#Green_Lantern_Corps;
349|Bliss|Bliss_(Starman);
350|Blizzard|Dark_Nemesis#Membership;
351|Bloch, Jason|Demolition_Team#Fictional_character_history;
352|Blockbuster|Blockbuster_(DC_Comics)#Roland_Desmond;
353|Blockhouse|Blockhouse;
354|Blok|Blok_(comics);
355|Blood Claw|Khund#Khundian_Legionnaires;
356|Blood Eagle|Crime_Syndicate_of_America#Members;
357|Bloodhound|Dan_Jolley#Biography;
358|Bloodklott|Hell_(DC_Comics)#Fiends;
359|Bloodsport|Bloodsport (character);
360|Bloodwynd|Bloodwynd;
361|Bloody Mary|Bloody_Mary_(DC_Comics);
362|Bloome, Davis|Davis_Bloome;
363|Blowhard|Suicide_Squad#Membership:_World_War_II_Squad;
364|Blubber|Lagoon_Boy#Fictional_character_biography;
365|Bludgeon|Xombi#Supporting_characters;
366|Blüdhound|Lobo (DC Comics);
367|Blue|Kingdom_Come_(comics)#Luthor's_Mankind_Liberation_Front;
368|Blue Beetle (I)|Blue_Beetle#Dan_Garret;
369|Blue Beetle (II)|Blue_Beetle#Dan_Garret;
370|Blue Beetle (III)|Blue_Beetle#Kord,_Ted;
371|Blue Beetle (IV)|Blue_Beetle#Jaime_Reyes;
372|Blue Bolt|The_Superman/Aquaman_Hour_of_Adventure#Episodes;
373|Blue Bowman|Signalman (comics);
374|Blue Damsel Fly|Dial_H_for_Hero#Chris_King_and_Vicki_Grant;
375|Blue Devil|Kingdom_Come_(comics)#Rogue_metahumans;
376|Blue Falcon|Dynomutt,_Dog_Wonder;
377|Blue Jay|Blue_Jay_(comics);
378|Blue Lama|Sargon_the_Sorcerer#John_Sargent;
379|Blue Moon|Moondancers#Notes;
380|Blue Snowman|Blue_Snowman;
381|Blue Tracer|Blue_Tracer;
382|Bluebeard|Batman_(1966_film)#Cast;
383|Blur|Vulcan_(DC_Comics)#Rogues_Gallery;
384|Blyth, Ann|Mort_Weisinger#Superman_innovations;
385|Bob Colby|Faceless_Hunters#Strange_Adventures;
386|Bob Hope|The_Adventures_of_Bob_Hope;
387|Bob Overdog|Bat-Mite#Post-Crisis;
388|Bob Phantom|Impact_Comics#Characters;
389|Bob the Goon|Batman (1989 film)#Cast;
390|Bob, the Galactic Bum|Bob,_the_Galactic_Bum;
391|Bobbi Bobbins|52_(comics)#Audiobook;
392|Bobby Milestone|Silverblade#Synopsis;
393|Bobby Thatcher|Bobby_Thatcher;
394|Bobo Benetti|Starman_(Jack_Knight)#Early_career;
395|Bock, Hardback|Gotham_City_Police_Department#Current_roster;
396|Body X|Robot_Renegades#Roster;
397|Bog Venus|Swamp Thing;
398|Bogman|Creature_Commandos#Modern_Team;
399|Boka|Gorilla_City#Known_residents;
400|Bolphungathe Unrelenting|Bolphunga;
401|Bolt|Bolt_(DC_Comics);
402|Boltax, Kandro|Universo#Pre-Zero_Hour;
403|Bomba, the Jungle Boy|Bomba,_the_Jungle_Boy;
404|Bombshell|Batman_Beyond#Villains;
405|Bonehead|Aryan_Brigade#Aryan_Brigade_II;
406|Bonfire|Young_Heroes_in_Love#Characters;
407|Bonk|Jokerz#Members;
408|Bonnie Baxter|Rip_Hunter#Publication_history;
409|Bonny Hoffman|Body_Doubles;
410|Boodikka|Boodikka;
411|Boogieman|Blood Syndicate#Membership;
412|Boone, Daniel|DC_Special#The_issues;
413|Boone, Jim|Faceless_Hunters#Strange_Adventures;
414|Booster Gold|Booster_Gold;
415|Borb Borbb|L.E.G.I.O.N.#Later_members;
416|Bordeaux, Sasha|Sasha_Bordeaux;
417|Borialosaurus|Sinestro_Corps#Ring_bearers;
418|Boris|Natasha_Irons#Fictional_character_biography;
419|Bork|Bork (character);
420|Boss|P.O.V._(Batman:_The_Animated_Series)#Plot;
421|Boss Annova|Plastic_Man#Enemies;
422|Boss Bishonen|Big_Science_Action#Boss_Bishonen;
423|Boss Bosozuko|Big_Science_Action#Boss_Bosozuko;
424|Boss Glitter|Heckler_(comics)#Enemies;
425|Botha, Mutro|Batman_(Terry_McGinnis)#Notable_episodes;
426|Botts|Paul_Gustavson#Creating_characters;
427|Bouncing Boy|Bouncing_Boy;
428|Bounty Hunter|Dial_H_for_Hero#Chris_King_and_Vicki_Grant;
429|Bowman|Maximums#Team_members;
430|Bowser|COPS (animated TV series)#Comic books;
431|Boxer, Ronnie|Ace_the_Bat-Hound#Television;
432|Bozo the Iron Man|Bozo_the_Iron_Man;
433|Boz, Whomer|Oblivion_Bar#Fictional_location_history;
434|Braach|Sinestro_Corps#Ring_bearers;
435|Bradley|Human_Defense_Corps#Membership;
436|Bradley, Jack|Creig_Flessel#Golden_Age_of_comic_books;
437|Bradley, Sam, Junior|Slam_Bradley#Publication_history;
438|Bradley, Slam|Slam_Bradley;
439|Bradley, Tom|Creig_Flessel#Golden_Age_of_comic_books;
440|Brahma|Supermen_of_America#Original_Team;
441|Braid the Assassin|Hell_(DC_Comics)#Minor_Gentry;
442|Brain|Animaniacs#Print;
443|Brain Storm|S.T.A.R._Corps#Issue#3;
444|Brain Wave|Brainwave (character);
445|Brainiac|Brainiac_(character);
446|Brainiac 3|Vril_Dox#Silver_Age;
447|Brainiac 4|Brainiac_4;
448|Brainiac 5|Brainiac_5;
449|Brainiac 13|Brainiac (character)#Brainiac 13;
450|Brainiac's Daughter(Earth-22)|Kingdom_Come_(comics)#Superman's_Justice_League;
451|Braino of Mrynah|Shanghalla;
452|Brains|Supergirl#Enemies;
453|Brainstorm|S.T.A.R._Corps#Membership;
454|Braintrust(Earth-22)|Tex_Thompson#Other_versions;
455|Brainy Barker|Space_Canine_Patrol_Agents#In_other_media;
456|Brande|Divine_Right:_The_Adventures_of_Max_Faraday#Synopsis;
457|Brande, R.J.|R. J. Brande;
458|Branden, Lieutenant|Sofia Falcone Gigante;
459|Brando, Marlin|Captain_Carrot_and_His_Amazing_Zoo_Crew!#Location;
460|Brat|Nuclear_Family_(comics);
461|Breach|Breach_(comics);
462|Breathtaker|;
463|Brenda Ruskin|Challengers_of_the_Unknown_(alternate_series)#1996_series;
464|Brent Wood|Tommy_Tomorrow#Fictional_character_biography;
465|Brian Bryan|Ra's al Ghul#Magical powers and unnatural abilities;
466|Briareos|Olympian_Gods_(DC_Comics)#Revolution;
467|Brick|Brick (character);
468|Brickhouse|Blood Syndicate#Membership;
469|Bridget|Batman:_Mask_of_the_Phantasm#Plot;
470|Bridie|Faerie_(DC_Comics)#Fictional_history;
471|Bright, Jess|Suicide_Squad#Membership:_The_Brave_and_the_Bold;
472|Brimstone|Brimstone (DC Comics);
473|Briscoe|Shade,_the_Changing_Man#Running_with_the_Suicide_Squad;
474|Broderick|Booster_Gold#Enemies;
475|Brodin, Leo|Batman Versus Predator;
476|Bron, Chaser|Darkstars#Death;
477|Bronkk|Guy_Gardner_(comics)#Guy_Gardner:_Warrior;
478|Bronze Tiger|Bronze_Tiger;
479|Brooklyn|Boy_Commandos#Fictional_team_biography;
480|Broot|Omega_Men#Founding_members;
481|Brother Blood (I)|Brother_Blood;
482|Brother Blood (VIII)|Brother_Blood;
483|Brother Blood (IX)|Brother_Blood;
484|Brother Eye|OMAC_(comics)#Brother_Eye;
485|Brother Grimm|Brother_Grimm;
486|Brother Hood|Captain_Carrot_and_His_Amazing_Zoo_Crew!#Villains;
487|Brother Night|Zatanna#Fictional_character_biography;
488|Brother Power the Geek|Brother_Power_the_Geek;
489|Brother With No Wings|The_War_that_Time_Forgot#Publication_history;
490|Bruce Nelson|Gardner_Fox#Golden_Age;
491|Bruce Wayne|S.H.I.E.L.D.#Amalgam Comics;
492|Bruce Wayne Martian|White_Martian#The_Bruce_Wayne_Martian;
493|Bruiser|Tony_Zucco#Television;
494|Brum-El|Ambush_Bug;
495|Bruno|Nicholas_Worth;
496|Bruno Mannheim|Bruno_Mannheim;
497|Brutale|Brutale_(DC_Comics);
498|Brute|Justice League;
499|Bubbasaurus|Blood_Syndicate#Other_characters;
500|Buck Fifty|Bob,_the_Galactic_Bum;
501|Buck Wargo|Guy_Gardner_(comics)#Guy_Gardner:_Warrior;
502|Buckskin Jim|Western_comics#Origins;
503|Bud|Bud_and_Lou;
504|Buddha|Kingdom_Come_(comics)#Rogue_metahumans;
505|Buddy|Uncle_Sam_(comics)#Quality_Comics;
506|Buddy Blake|Justice_League:_The_New_Frontier#Plot;
507|Bueno Excellente|Section 8 (comics);
508|Buer|First_of_the_Fallen#Fictional_character_biography;
509|Buffalo Bill Cody|All-Star_Western#Vol._2;
510|Bug|Maximums#Team_members;
511|Bug-Eyed Bandit|Bug-Eyed_Bandit#Bertram_Larvan;
512|Bug-Eyed Bandit (II)|Bug-Eyed_Bandit#Son_of_the_Bug-Eyed_Bandit;
513|Bugsy Siegel|Stuff_the_Chinatown_Kid#Fictional_character_biography;
514|Bull Dog|Space_Canine_Patrol_Agents#Membership;
515|Bulldog Drumhead|All-American_Publications#Funny-animal/other_humor;
516|Bulldozer|Supergirl#Enemies;
517|Bulldozer Smith|Cave_Carson#Publication_history;
518|Bullet-Dog|Bulletman_and_Bulletgirl;
519|Bulleteer|Bulleteer;
520|Bulletgirl|Bulletman_and_Bulletgirl;
521|Bulletman|Bulletman_and_Bulletgirl;
522|Bulletproof|COPS (animated TV series)#Comic books;
523|Bullock, Harvey|Harvey Bullock (character);
524|Bumblebee|Bumblebee_(comics);
525|Bunny|Zachary_Zatara#Fictional_character_biography;
526|Bunny Vreeland|Batman_Beyond#Story;
527|Burgess, Alexander|Alex_Burgess;
528|Burgess, Roderick|Characters_of_The_Sandman#Roderick_Burgess;
529|Bur'Gunza|Sinestro_Corps#Ring_bearers;
530|Burke, Tommy|Gotham_City_Police_Department#Current_roster;
531|Burnsteel, Arnold 'Arnie'|Scare_Tactics_(comics)#Fictional_biography;
532|Burton, Doctor|Batman_Forever#Cast;
533|Bush, George Herbert Walker|Janus_Directive#Plot;
534|Bushido|Bushido (character);
535|Butch the Pup|Fred_Schwab#Biography;
536|Butcher|The_Brave_and_the_Bold#Volume_2_and_Flash_and_Green_Lantern:_The_Brave_and_the_Bold;
537|Buttons McBoomBoom|COPS (animated TV series)#Comic books;
538|Buzz|Supergirl:_Wings#Characters;
539|Buzz Bronski|Batman:_Mask_of_the_Phantasm#Plot;
540|Buzz Brown|Creig_Flessel#Golden_Age_of_comic_books;
541|Buzzbomb|COPS (animated TV series)#Comic books;
542|Buzzy Brown|Teen_humor_comics#Other_titles;
543|Byth|Byth#In_other_media;
544|Cal Durham|Cal Durham;
545|Calamity King|Calamity King;
546|Calendar Man|Calendar Man;
547|Captain Atom|Captain Atom;
548|Charlton Comics|Charlton Comics;
549|Captain Carrot|Captain Carrot and His Amazing Zoo Crew!;
550|Captain Cold|Captain Cold;
551|Captain Comet|Captain Comet;
552|Captain Compass|Captain Compass;
553|Captain Nazi|Captain Nazi;
554|Captain Stingaree|Captain Stingaree;
555|Captain Strong|Captain Strong;
556|Captain Triumph|Captain Triumph;
557|Carapax|Carapax;
558|Condé Nast Publications|Condé Nast;
559|Carl Draper|Carl Draper;
560|Carl Grissom|Batman (1989 film)#Plot;
561|Carmine Falcone|Carmine Falcone;
562|Carol Ferris|Carol Ferris;
563|Columbia Pictures|Columbia Pictures;
564|Cash Tankinson|Cash Tankinson;
565|Cassandra Cain|Cassandra Cain;
566|Cassandra Craft|Phantom Stranger;
567|Cat Grant|Cat Grant;
568|Catherine Cobert|Batman;
569|Catsai|Catsai;
570|Cave Carson|Cave Carson;
571|Cavo|Cavo;
572|Centrix|Centrix;
573|Cerdian|Cerdian;
574|Chang Tzu|Egg Fu;
575|Chantinelle|Chantinelle;
576|Chaselon|Chaselon;
577|Chemical King|Chemical King;
578|Chief Miles O'Hara|Chief Miles O'Hara;
579|Chief Parker|Chief Parker;
580|Ch'p|Ch'p;
581|Chris KL-99|Chris KL-99;
582|Cir-El|Supergirl (Cir-El);
583|Clark Kent|Superman#Clark Kent;
584|Clawster|Clawster;
585|Cluemaster|Cluemaster;
586|Coagula|Coagula;
587|Coldcast|Coldcast;
588|Colonel Computron|Colonel Computron;
589|Colonel Future|Colonel Future;
590|Color Kid|Legion of Substitute Heroes;
591|Comet Queen|Comet Queen;
592|Commander Steel|Commander Steel;
593|Composite Superman|Composite Superman;
594|Condiment King|Condiment King;
595|Congo Bill|Congorilla;
596|Conjura|Zatanna#DC Super Dictionary;
597|Cosmic Boy|Cosmic Boy;
598|Cosmic King|Legion of Super-Villains;
599|Count Vertigo|Count Vertigo;
600|Crazy Jane|Crazy Jane;
601|Creote|Savant (DC Comics);
602|Crimson Fox|Crimson Fox;
603|Crispus Allen|Crispus Allen;
604|Cyber-Cat|Cyber-Cat;
605|Cyborgirl|Cyborgirl;
606|Dabney Donovan|Dabney Donovan;
607|DCAU|DC Animated Universe;
608|Damian Wayne|Damian Wayne;
609|Dan the Dyna-Mite|Dan the Dyna-Mite;
610|DC Elseworlds|Elseworlds;
611|Dan Turpin|Dan Turpin;
612|Danielle Foccart|Computo (Danielle Foccart);
613|Danny the Street|Danny the Street;
614|Dark Firebird|Dark Firebird;
615|Dark Kahn|Shao Kahn#Dark Kahn;
616|Dark Nemesis|Dark Nemesis;
617|Darkseid|Darkseid;
618|Darwin Jones|Darwin Jones;
619|Davis Bloome|Davis Bloome;
620|Dawnstar|Dawnstar;
621|Deacon Blackfire|Deacon Blackfire;
622|Dead Romeo|Dead Romeo;
623|Deadshot|Deadshot;
624|Deathbolt|Deathbolt;
625|Deathstroke|Deathstroke;
626|Deborah Camille Darnell|Star Sapphire (comics)#Deborah Camille Darnell;
627|Doctor Destiny|Doctor Destiny;
628|Delores Winters|Delores Winters;
629|Derek Powers|Derek Powers;
630|Desaad|DeSaad;
631|Despero|Despero;
632|Despotellis|Sinestro Corps#Ring bearers;
633|Detective Chimp|Detective Chimp;
634|Dark Horse Comics|Dark Horse Comics;
635|Dev-Em|Dev-Em;
636|Devilance|Devilance;
637|Devlin O'Ryan|Devlin O'Ryan;
638|Diana Prince|Diana Prince;
639|Dick Grayson|Dick Grayson;
640|Dick Tracy|Dick Tracy;
641|Ding Dong Daddy|Ding Dong Daddy;
642|Zy-Cree(Hanna-Barbera)|General_Zod#Television;
643|Doctor Alchemy|Doctor Alchemy;
644|Doctor Arcane|Anton Arcane;
645|Doctor Bedlam|Doctor Bedlam;
646|Doctor Cyber|Doctor Cyber;
647|Doctor Diehard|Doctor Diehard;
648|Doctor Double X|Doctor Double X;
649|Doctor Impossible|Doctor Impossible;
650|Doctor Manhattan|Doctor Manhattan;
651|Doctor Mist|Doctor Mist;
652|Doctor No-Face|Doctor No-Face;
653|Doctor Phosphorus|Doctor Phosphorus;
654|Doctor Polaris|Doctor Polaris;
655|Doctor Psycho|Doctor Psycho;
656|Doctor Sivana|Doctor Sivana;
657|Doctor Spectro|Doctor Spectro;
658|Doctor Thirteen|Doctor Thirteen;
659|Doctor Trap|Doctor Trap;
660|Doctor Ub'x|Doctor Ub'x;
661|Dog Welder|Section 8 (comics);
662|Doiby Dickles|Doiby Dickles;
663|Doll Girl|Doll Girl;
664|Donna Troy|Donna Troy;
665|Draaga|Draaga;
666|Dorling Kindersley|DK (publisher);
667|Dragonmage|Dragonmage;
668|Dreamslayer|Dreamslayer;
669|Dubbilex|Project Cadmus;
670|Duck Dodgers|Duck Dodgers;
671|Daffy Duck|Daffy Duck;
672|Duela Dent|Duela Dent;
673|Duke of Deception|Duke of Deception;
674|Dwarfstar|Dwarfstar;
675|Dragon King|;
676|Dragon, Richard|Richard Dragon;
677|Earth-Man|Kirt Niedrigh;
678|Eclipso|Eclipso;
679|Eddie Fyers|Eddie Fyers;
680|Effron the Sorcerer|Effron the Sorcerer;
681|Elaine Belloc|Elaine Belloc;
682|Elasti-Girl|Elasti-Girl;
683|Electrocutioner|Electrocutioner;
684|Element Girl|Element Girl;
685|Element Lad|Element Lad;
686|Elijah Snow|Elijah Snow;
687|Ellen Hayes|Ellen Hayes;
688|Ellen Yin|Ellen Yin;
689|Elongated Man|Elongated Man;
690|Emerald Empress|Emerald Empress;
691|Emile Dorian|Batman:_The_Animated_Series#Supporting_antagonists;
692|Enkafos|Sinestro Corps#Ring bearers;
693|Esper Lass|Esper Lass;
694|Etta Candy|Etta Candy;
695|Everywhere Man|Everywhere Man;
696|Evil Superman|Superman III;
697|Eviless|Eviless;
698|Extraño|Extraño;
699|Faceless Hunter|Faceless Hunters;
700|Fawcett Comics|Fawcett Comics;
701|Fausta Grables|Fausta Grables;
702|Felix Faust|Felix Faust;
703|Ferro Lad|Ferro Lad;
704|Fighting American|Fighting American;
705|Film Freak|Film Freak;
706|First of the Fallen|First of the Fallen;
707|Flex Mentallo|Flex Mentallo;
708|Flodo Span|Flodo Span;
709|Floronic Man|Floronic Man;
710|Folded Man|Folded Man;
711|Francine Langstrom|Francine Langstrom;
712|Züm|Reverse-Flash#See_also;
713|Freedom Beast|Freedom Beast;
714|Funky Flashman|Funky Flashman;
715|G'nort|G'nort;
716|Galactiac|Galactiac;
717|Galactic Golem|Galactic Golem;
718|Galius Zed|Galius Zed;
719|Gamemnae|Gamemnae;
720|Ganthet|Ganthet;
721|Garguax|Garguax;
722|Garryn Bek|Garryn Bek;
723|Garth Ranzz|Garth Ranzz;
724|Gay Ghost|Gay Ghost;
725|General Glory|General Glory;
726|General Wade Eiling|General Wade Eiling;
727|General Zahl|General Zahl;
728|General Zod|General Zod;
729|Genius Jones|Genius Jones;
730|Gentleman Ghost|Gentleman Ghost;
731|Geo-Force|Geo-Force;
732|Giganta|Giganta;
733|Gillian B. Loeb|Gillian B. Loeb;
734|Gilotina|Female_Furies#Later_additions;
735|Glorious Godfrey|Glorious Godfrey;
736|Glorith|Legion of Super-Heroes;
737|Gnaark|Gnarrk;
738|Golden Blade|The Golden Blade;
739|Golden Glider|Golden Glider;
740|Goldface|Goldface;
741|Gorilla Comics|Gorilla Comics;
742|Gorilla Boss|Gorilla Boss;
743|Gorilla Grodd|Gorilla Grodd;
744|Grace Choi|Grace Choi;
745|Graf Toren|Guy Gardner (comics);
746|Granny Goodness|Granny Goodness;
747|Grayven|Grayven;
748|Green Arrow|Green Arrow;
749|Green Guardsman|Green Guardsman;
750|Green Skull|Green Skull;
751|Green Lantern|Green Lantern;
752|H.A.R.D.A.C.|Batman: The Animated Series#Antagonists;
753|Hal Jordan|Hal Jordan;
754|Hank Hall|Hank Hall;
755|Hank Henshaw|Hank Henshaw;
756|HARDAC|Batman:_The_Animated_Series#Antagonists;
757|Hasbro|Hasbro;
758|Harley Quinn|Harley Quinn;
759|Harold Allnut|Harold Allnut;
760|Hath-Set|Hath-Set;
761|Hector Hall|Hector Hall;
762|Hector Hammond|Hector Hammond;
763|Heggra|Heggra;
764|Hellblazer|Hellblazer;
765|Hellstrike|Hellstrike;
766|Helspont|Helspont;
767|Hero Cruz|Hero Cruz;
768|Highfather|Highfather;
769|Highmaster|Manhunters (DC Comics)#Highmaster;
770|Himon|Himon;
771|Hanna-Barbera|Hanna-Barbera;
772|Hob Gadling|Hob Gadling;
773|Hooded Justice|Hooded Justice;
774|Hop Harrigan|Hop Harrigan;
775|Hoppy the Marvel Bunny|Hoppy the Marvel Bunny;
776|Hot-Streak|Hot-Streak;
777|Hugo Strange|Hugo Strange;
778|Human Bomb|Human Bomb;
779|Human Flame|Human Flame;
780|Human Target|Human Target;
781|Hyathis|Hyathis;
782|Hypnota|Hypnota;
783|Ian Karkull|Ian Karkull;
784|Ibac|Ibac;
785|Ibis the Invincible|Ibis the Invincible;
786|Ibn al Xu'ffasch|Damian_Wayne#Publication_history;
787|Icemaiden|Icemaiden;
788|Immortal Man|Immortal Man;
789|Imperiex|Imperiex;
790|Infectious Lass|Legion of Substitute Heroes;
791|Infinity Man|Infinity-Man;
792|Inque|Inque;
793|Inspector Henderson|Inspector Henderson;
794|Invisible Hood|Invisible Hood;
795|Invisible Kid|Invisible Kid;
796|Iris West Allen|Iris West;
797|Iron Munro|Iron Munro;
798|Isamot Kol|Isamot Kol;
799|Jakeem Thunder|Jakeem Thunder;
800|Janice Porter|Batman: Dark Victory;
801|Jason Bard|Jason Bard;
802|Jason Todd|Jason Todd;
803|Jax-Ur|Jax-Ur;
804|Jayna|Jayna;
805|Jean Loring|Jean Loring;
806|Jenny Quantum|The Authority (comics);
807|Jenny Sparks|Jenny Sparks;
808|Jeremiah Arkham|Jeremiah Arkham;
809|Jeremy Karne|Jeremy Karne;
810|Jesse Chambers|Jesse Chambers;
811|Jillian Pearlman|Jillian Pearlman;
812|Jim Corrigan|Jim Corrigan;
813|Jimmy Olsen|Jimmy Olsen;
814|Joanie Swift|Adventure Comics;
815|Joe Chill|Joe Chill;
816|John Constantine|John Constantine;
817|Johnny DC|Johnny DC;
818|Johnny Rancid|Johnny Rancid;
819|Johnny Sorrow|Johnny Sorrow;
820|Johnny Thunder|Johnny Thunder;
821|Jonah Hex|Jonah Hex;
822|Jonas Glim|Jonas Glim;
823|Jonathan 'Pa' Kent|Jonathan and Martha Kent;
824|Jonni DC|Jonni DC;
825|Jonni Future|Jonni Future;
826|Jonni Thunder|Johnny Thunder#Jonni Thunder;
827|Jonny Double|Showcase (comics);
828|Jor-El|Jor-El;
829|Joshua Clay|Joshua Clay;
830|Josiah Power|Josiah Power;
831|Judge Gallows|The Unexpected (1968 comic book);
832|Julia Kapatelis|Julia and Vanessa Kapatelis;
833|Julie Madison|Julie Madison;
834|J.A.K.E. 1|G.I. Robot#J.A.K.E. 1;
835|J.A.K.E. 2|G.I. Robot#J.A.K.E. 2;
836|J.P. Houston|Green Team (comics)#Membership;
837|J. Wilbur Wolfingham|;
838|J'onn J'onzz|Martian Manhunter;
839|J'onzz, Ma'alefa'ak|Ma'alefa'ak;
840|Jack|Metal Men#Members;
841|Jack B. Quick I|Champions of Angor#Origins;
842|Jack B. Quick II|Tomorrow Stories#Overview;
843|Jack Daw|;
844|Jack Drake|Jack Drake;
845|Jack Edison|The Untold Legend of the Batman#Issue 3: The Man Behind The Mask!;
846|Jack Gold|Night Force#Characters;
847|Jack Grogan|;
848|Jack Haly|;
849|Jack Hatfield|The Authority (comics);
850|Jack Hawksmoor|WildStorm;
851|Jack Holdaway|Rose Walker#The Kindly Ones;
852|Jack Horner|Jack Horner (comics);
853|Jack Jordan|;
854|Jack Nimball|Toyman#Jack Nimball;
855|Jack of Clubs|Royal Flush Gang#First Gang: Clubs;
856|Jack of Fire|The Pentacle#Membership;
857|Jack of Spades I|Royal Flush Gang#Second Gang: Spades;
858|Jack of Spades II|;
859|Jack O'Lantern I|Jack O'Lantern (DC Comics)#Daniel Cormac;
860|Jack O'Lantern II|Jack O'Lantern (DC Comics)#Marvin Noronsa;
861|Jack O'Lantern III|Jack O'Lantern (DC Comics)#Liam McHugh;
862|Jack Ryder|Creeper (DC Comics);
863|Jack T. Chance|Jack T. Chance;
864|Jack the Ripper|Jack the Ripper in fiction;
865|Jack Weston|Minute-Man;
866|Jack Wyznowski|;
867|Jackal|Deathstroke#Origins;
868|Jackhammer|Demolition Team#Members;
"869|Jackie Johnson|""Easy Company (comics)#""""The Combat-Happy Joes""""""";
870|Jackson Dane|Team 7;
871|Jackson Davies|Gotham City Police Department#Current roster;
872|Jackson 'Rats-Eye' Drake| Jack Drake#Other versions;
873|Jackon, Belle|Hero Hotline#Day shift;
874|Jaclyn|;
875|Jacob Ashe|Cinder and Ashe#Plot summary;
876|Jacob Kane|;
877|Jacob Krigstein|;
878|Java|;
879|Javelin|Javelin (DC Comics);
880|Kal Kent|Superman (Kal Kent);
881|Kalibak|Kalibak;
882|Kal-L|Superman (Earth-Two);
883|Kamandi|Kamandi;
884|Kancer|Kancer;
885|Kanjar Ro|Kanjar Ro;
886|Karin Grace|Suicide Squad;
887|Karu-Sil|Sinestro Corps;
888|Katma Tui|Katma Tui;
889|Ke'Haan|Ke'Haan;
890|Kelex|Kelex;
891|Kent Shakespeare|Legion of Super-Heroes;
892|Kev Hawkins|Kev Hawkins;
893|KGBeast|KGBeast;
894|Kid Amazo|Kid Amazo;
895|Kid Crusader|Titans East;
896|Kid Devil|Kid Devil;
897|Kid Eternity|Kid Eternity;
898|Kid Psycho|Kid Psycho;
899|Kid Quantum|Kid Quantum;
900|Kilg%re|Kilg%re;
901|Killer Croc|Killer Croc;
902|Killer Frost|Killer Frost;
903|Killer Moth|Killer Moth;
904|Killer Wasp|Killer Wasp;
905|Killowat|Killowat;
906|Kilowog|Kilowog;
907|Kinetix|Kinetix;
908|King Faraday|King Faraday;
909|King Shark|King Shark;
910|King Snake|King Snake;
911|Kirt Niedrigh|Kirt Niedrigh;
912|Kite-Man|Kite Man;
913|Kole|Kole;
914|Kon-El|Superboy (Kon-El);
"915|Kooey Kooey Kooey|""Justice_League_International#""""Justice_League:_Breakdowns""""""";
916|Kreon|Kreon;
917|Krypto|Krypto;
918|Kryptonite Man|Kryptonite Man;
919|Kyle Rayner|Kyle Rayner;
920|Lady Blackhawk|Lady Blackhawk;
921|Lady Chronos|Chronos (character)#Lady Chronos (Jia);
922|Lady Quark|Lady Quark;
923|Lady Shiva|Lady Shiva;
924|Lady Styx|Lady Styx;
925|Lady Vic|Lady Vic;
926|Lagoon Boy|Lagoon Boy;
927|Lana Lang|Lana Lang;
928|Lance O'Casey|Whiz Comics;
929|Lar Gand|Lar Gand;
930|Larfleeze|Larfleeze;
931|Lashina|Lashina;
932|Laurel Kent|Laurel Kent;
933|Leland McCauley|Leland McCauley;
934|Lena Luthor|Lena Luthor;
935|Le-Roj|Bizarro World#Other versions;
936|Lesla-Lar|Lesla-Lar;
937|Leslie Thompkins|Leslie Thompkins;
938|Lew Moxon|Lew Moxon;
939|Lex Luthor|Lex Luthor;
940|Lightning Lord|Legion of Super-Villains;
941|Lion-Mane|Lion-Mane;
942|Little Barda|Little Barda;
943|Little Cheese|Captain Carrot and His Amazing Zoo Crew!;
944|Lobo The Duck|Lobo The Duck;
945|Lois Lane|Lois Lane;
946|Lord Conquest|Lord Conquest;
947|Lord Havok|Lord Havok;
948|Lord of Time|Epoch (DC Comics);
949|Lori Lemaris|Lori Lemaris;
950|Lori Morning|Lori Morning;
951|L-Ron|L-Ron;
952|Lucius Fox|Lucius Fox;
953|Lucy Lane|Lucy Lane;
954|Luma Lynai|Luma Lynai;
955|Luornu Durgo|Luornu Durgo;
956|Lyla Lerrol|Lyla Lerrol;
957|Lysandra|Lysandra;
958|Lyssa Drak|Lyssa Drak;
959|Ma'alefa'ak|Ma'alefa'ak;
960|Macro-man|Legends (comics);
961|Mad Harriet|Mad Harriet;
962|Mad Mod|Mad Mod;
963|Mad Mod Witch|The Unexpected (1968 comic book)#Regular features;
964|Madame Rouge|Madame Rouge;
965|Madame Xanadu|Madame Xanadu;
966|Madame Zodiac|Madame Zodiac;
967|Mademoiselle Marie|Mademoiselle Marie;
968|Maggie Sawyer|Maggie Sawyer;
969|Major Disaster|Major Disaster;
970|Major Force|Major Force;
971|Mal Duncan|Mal Duncan;
972|Mattel|Mattel;
973|Man-Bat|Man-Bat;
974|Manchester Black|Manchester Black;
975|Manfred Mota|Manfred Mota;
976|Manga Khan|Manga Khan;
977|Manhattan Guardian|Manhattan Guardian;
978|Manitou Dawn|Manitou Dawn;
979|Manitou Raven|Manitou Raven;
980|Milestone Media|Milestone Media;
981|Margo Lane|Margo Lane;
982|Marian Mercer|Marian Mercer;
983|Martha Kent|Jonathan and Martha Kent;
984|Martha Wayne|Martha Wayne;
985|Martian Manhunter|Martian Manhunter;
986|Mary Jane Watson|Mary Jane Watson;
987|Mary Marvel|Mary Marvel;
988|Master Jailer|Master Jailer;
989|Matter Master|Matter Master;
990|Matter-Eater Lad|Matter-Eater Lad;
991|Matthew Cable|Matthew Cable;
992|Max Mercury|Max Mercury;
993|Maxie Zeus|Maxie Zeus;
994|Maxwell Lord|Maxwell Lord;
995|Medphyll|Green Lantern Corps;
996|Megafire|Megafire (page to delete);
997|Mekanique|Mekanique;
998|Mercy Graves|Mercy Graves;
999|Merman|Merman;
1000|Merry Pemberton|Merry Pemberton;
1001|Mervyn Pumpkinhead|Mervyn Pumpkinhead;
1002|Metamorpho|Metamorpho;
1003|Michael Demiurgos|Michael Demiurgos;
1004|Midnighter|Midnighter;
1005|Milton Fine|Brainiac (character);
1006|Mindboggler|Mindboggler;
1007|Mind-Grabber Kid|1969 in comics#Initial appearance by character name;
1008|Minister Blizzard|Minister Blizzard;
1009|Minute-Man|Minute-Man;
1010|Mirror Master|Mirror Master;
1011|Miss Arrowette|Arrowette#Miss;
1012|Miss Fear|Miss Fear (character);
1013|Miss Martian|Miss Martian;
1014|Mister Atom|Mister Atom;
1015|Mister Bones|Mister Bones;
1016|Mister E|Mister E;
1017|Mister Element|Doctor Alchemy;
1018|MLJ Comics|Archie Comics;
1019|Mister Majestic|Mr. Majestic;
1020|Mister Memory|Amos Fortune (comics);
1021|Mister Miracle|Mister Miracle;
1022|Mister Socrates|Mr. Socrates;
1023|Mister Tawky Tawny|Tawky Tawny;
1024|Mnemoth|Mnemoth;
1025|Mogo|Mogo;
1026|Mokkari|Mokkari;
1027|Molly O'Reilly|Molly O'Reilly;
1028|Mongal|Mongal;
1029|Mongul|Mongul;
1030|Monsieur Mallah|Monsieur Mallah;
1031|Monstergirl|Young Heroes in Love;
1032|Mordru|Mordru;
1033|Morgan Edge|Morgan Edge;
1034|Mortalla|Mortalla;
1035|Ms. Gsptlsnz|Ms. Gsptlsnz;
1036|Muhammad X|Muhammad X;
1037|Multi-Man|Multi-Man;
1038|Music Meister|Music Meister;
1039|Mystek|Mystek;
1040|Naif al-Sheikh|Naif al-Sheikh;
1041|Natasha Irons|Natasha Irons;
1042|Nathaniel Dusk|Nathaniel Dusk;
1043|Nebiros|Naberius;
1044|Nebula Man|Nebula Man;
1045|Nekron|Nekron;
1046|Nemesis Kid|Nemesis Kid;
1047|Neon the Unknown|Neon the Unknown;
1048|Neptune Perkins|Neptune Perkins;
1049|Night Girl|Night Girl;
1050|Nightmaster|Nightmaster;
1051|Nightslayer|Nightslayer;
1052|Nite-Owl|Nite Owl;
1053|Nite-Wing|Nite-Wing;
1054|Nora Fries|Nora Fries;
1055|Norman McCay|Norman McCay;
1056|Nu'Bia|Nubia (comics);
1057|Nuclear Man|Superman IV: The Quest for Peace;
1058|Nuidis Vulko|Nuidis Vulko;
1059|Nura Nal|Nura Nal;
1060|Nyssa Raatko|Nyssa Raatko;
1061|Obeah Man|Obeah;
1062|Ocean Master|Ocean Master;
1063|Officer Merkel|Batman: Dark Victory;
1064|Off-Ramp|Off-Ramp;
1065|Olivia Reynolds|Olivia Reynolds;
1066|Ol-Vir|Ol-Vir;
1067|Onimar Synn|Justice Society of America;
1068|Osira|Osira;
1069|Overmaster|Cadre (comics);
1070|Owlwoman|Global Guardians#Founding members;
1071|Pantha|Pantha;
1072|Pat Dugan|Pat Dugan;
1073|Paul Gambi|Paul Gambi;
1074|Paul Westfield|Paul Westfield;
1075|Paula Brooks|Paula Brooks;
1076|Penny Plunderer|Penny Plunderer;
1077|Per Degaton|Per Degaton;
1078|Perry White|Perry White;
1079|Pete Ross|Pete Ross;
1080|Peter Porkchops|Captain Carrot and His Amazing Zoo Crew!#Team members;
1081|Phantom Girl|Phantom Girl;
1082|Phantom Stranger|Phantom Stranger;
1083|Pharzoof|Pharzoof;
1084|Pinky the Whiz Kid|Mr. Scarlet and Pinky the Whiz Kid;
1085|Piranha-Man|Piranha-Man;
1086|Planet Master|Planet Master;
1087|Plastic Man|Plastic Man;
1088|Polar Boy|Polar Boy;
1089|Polka-Dot Man|Polka-Dot Man;
1090|Popeye|Popeye;
1091|Pow Wow Smith|Pow Wow Smith;
1092|Power Broker|Power Broker;
1093|Power Girl|Power Girl;
1094|Pozhar|Pozhar;
1095|Prestor Jon|Prestor Jon;
1096|Preus|Preus;
1097|Prince Evillo|Prince Evillo;
1098|Prince Ra-Man|Prince Ra-Man;
1099|Princess Projectra|Princess Projectra;
1100|Professor Hamilton|Professor Hamilton;
1101|Professor Ivo|Professor Ivo;
1102|Professor Ojo|Professor Ojo;
1103|Professor Potter|Professor Potter;
1104|Professor Pyg|Professor Pyg;
1105|Professor Zoom|Eobard Thawne;
1106|Promethea|Promethea;
1107|Prysm|Teen Titans;
1108|Psilencer|Supermen of America ;
1109|Psimon|Psimon;
1110|Psycho-Pirate|Psycho-Pirate;
1111|Zucco, Tony|Tony_Zucco;
1112|Zuggernaut|Zuggernaut;
1113|Quakemaster|Quakemaster;
1114|Queen Clea|Queen Clea;
1115|Queen Desira|Queen Desira;
1116|Queen of Fables|Queen of Fables;
1117|Quex-Ul|Quex-Ul;
1118|Quality Comics|Quality Comics;
1119|Quincy Sharp|Arkham Asylum#Staff;
1120|Quislet|Quislet;
1121|Qwsp|Qwsp;
1122|R.J. Brande|R. J. Brande;
1123|Rachel Dawes|Rachel Dawes;
1124|Radiation Roy|Radiation Roy;
1125|Rainbow Archer|Rainbow Archer;
1126|Rainbow Girl|Rainbow Girl;
1127|Rainbow Raider|Rainbow Raider;
1128|Raker Qarrigat|Green Lantern;
1129|Rama Khan|Rama Khan;
1130|Ra's al Ghul|Ra's al Ghul;
1131|Rose Wilson|Rose Wilson;
1132|Reactron|Reactron;
1133|Red Talon|Alternative versions of Robin#Talon (Earth-3);
1134|Red Tornado|Red Tornado;
1135|Red Torpedo|Red Torpedo;
1136|Red Volcano|Red Volcano;
1137|Reep Daggle|Reep Daggle;
1138|Reflecto|Reflecto;
1139|Renee Montoya|Renee Montoya;
1140|Reverse-Flash|Reverse-Flash;
1141|Rex Leech|Rex Leech;
1142|Rex the Wonder Dog|Rex the Wonder Dog;
1143|Rhea Jones|Doom Patrol;
1144|Richard Dragon|Richard Dragon;
1145|Rick Flag|Rick Flag;
1146|Riddler|Riddler;
1147|Rip Hunter|Rip Hunter;
1148|Rocket Red|Rocket Red;
1149|Ron Troupe|Ron Troupe;
1150|Ron-Karr|Legion of Super-Villains#Roster;
1151|Rose Psychic|Rose Psychic;
1152|Rose Walker|Rose Walker;
1153|Rot Lop Fan|Rot Lop Fan;
1154|Roxxas|Roxxas;
1155|Roxy Leech|Superboy (comic book);
1156|Roxy Rocket|Roxy Rocket;
1157|Rubberduck|Captain Carrot and His Amazing Zoo Crew!;
1158|Rupert Thorne|Rupert Thorne;
1159|Sabbac|Sabbac;
1160|Saint Walker|Saint Walker;
1161|Salaak|Salaak;
1162|Salu Digby|Salu Digby;
1163|Sand Demon|Sand Demon;
1164|Sandy Hawkins|Sandy Hawkins;
1165|Saraar|Regions of Somaliland;
1166|Sarah Essen Gordon|Sarah Essen;
1167|Sarge Steel|Sarge Steel;
1168|Sargon the Sorcerer|Sargon the Sorcerer;
1169|Sasha Bordeaux|Sasha Bordeaux;
1170|Satan Girl|Satan Girl;
1171|Saturn Girl|Saturn Girl;
1172|Sun Boy|Sun Boy;
1173|Saturn Queen|Legion of Super-Villains;
1174|Saul Erdel|Saul Erdel;
1175|Sayd|Sayd;
1176|Scarecrone|Melissa Broder;
1177|Scoop Smith|Scoop Smith;
1178|Screaming Skull|King_Tuff#EPs_.26_Singles;
1179|Seaguy|Seaguy;
1180|Sebastian Faust|Sebastian Faust;
1181|Selaya|Selaya;
1182|Shade, the Changing Man|Shade, the Changing Man;
1183|Shadow Lass|Shadow Lass;
1184|Shim'Tar|Shim'Tar;
1185|Shining Knight|Shining Knight;
1186|Shvaughn Erin|Shvaughn Erin;
1187|Silas Stone|Silas Stone;
1188|Silent Knight|Silent Knight;
1189|Silk Spectre|Silk Spectre;
1190|Silver Banshee|Silver Banshee;
1191|Silver Sorceress|Silver Sorceress;
1192|Silver St. Cloud|Silver St. Cloud;
1193|Simon Hurt|Simon Hurt;
1194|Simon Stagg|Simon Stagg;
1195|Simyan|Simyan;
1196|Sinestro|Sinestro;
1197|Slam Bradley|Slam Bradley;
1198|Smax|Smax;
1199|Snapper Carr|Snapper Carr;
1200|Sodam Yat|Sodam Yat;
1201|Sofia Constantinas|Sofia Constantinas;
1202|Solovar|Solovar;
1203|Son of Vulcan|Son of Vulcan;
1204|Sonny Sumo|Sonny Sumo;
1205|Soranik Natu|Soranik Natu;
1206|Space Cabbie|Space Cabbie;
1207|Space Ghost|Space Ghost;
1208|Space Ranger|Space Ranger;
1209|Sparta of Synriannaq|Sparta of Synriannaq;
1210|Speed Force|Speedster (fiction)#Plausibility and artistic license;
1211|Spider Girl|Spider Girl;
1212|Spider Jerusalem|Spider Jerusalem;
1213|Spider Widow|Spider Widow;
1214|Spirit King|Spirit King;
1215|Superior Five|Inferior Five#Superior Five;
1216|Sportsmaster|Sportsmaster;
1217|Stalnoivolk|Stalnoivolk;
1218|Star Hawkins|Star Hawkins;
1219|Starheart|Power ring (DC Comics)#Starheart;
1220|Starro|Starro;
1221|Starshrike|Cadre (comics);
1222|Static Shock|Static Shock;
1223|Steel Claw|The Steel Claw (comics);
1224|Steel Hawk|WindSeeker;
1225|Stel|Stel;
1226|Stellara|Ustekinumab;
1227|Steve Lombard|Steve Lombard;
1228|Steve Trevor|Steve Trevor;
1229|Stompa|Stompa;
1230|Striker Z|Power Company;
1231|Stuff the Chinatown Kid|Stuff the Chinatown Kid;
1232|Sue Dibny|Sue Dibny;
1233|Summer Gleeson|Summer Gleeson;
1234|Superboy-Prime|Superboy-Prime;
1235|Super-Chief|Super-Chief;
1236|Supergirl|Supergirl;
1237|Super-Hip|Super-Hip;
1238|Superman|Superman;
1239|Superman Red-Superman Blue|Superman Red/Superman Blue;
1240|Super-Soldier|Super-Soldier;
1241|Super-Turtle|Super-Turtle;
1242|Superwoman|Superwoman;
1243|Swamp Thing|Swamp Thing;
1244|Sylvester Pemberton|Sylvester Pemberton;
1245|T.O. Morrow|T. O. Morrow;
1246|Tailgunner Jo|Tailgunner Jo;
1247|Takion|Takion;
1248|Talia al Ghul|Talia al Ghul;
1249|Tallulah Black|Tallulah Black;
1250|Tana Moon|Tana Moon;
1251|Tars Tarkas|Tars Tarkas;
1252|Tattooed Man|Tattooed Man;
1253|Tefé Holland|Tefé Holland;
1254|Ten-Eyed Man|Ten-Eyed Man;
1255|Terra-Man|Terra-Man;
1256|Terrific Whatzit|Terrific Whatzit;
1257|Terry Berg|Terry Berg;
1258|Tess Mercer|Tess Mercer;
1259|Tribune Media Services|Tribune Content Agency;
1260|Tex Thompson|Tex Thompson;
1261|Thara Ak-Var|Thara Ak-Var;
1262|Tharok|Tharok;
1263|The Batman Who Laughs|The Batman Who Laughs;
1264|Thom Kallor|Thom Kallor;
1265|Thomas Wayne|Thomas Wayne;
1266|Thunderlord|Thunderlord;
1267|Tim Trench|Tim Trench;
1268|Time Trapper|Time Trapper;
1269|Timothy Hunter|Timothy Hunter;
1270|Tina McGee|Tina McGee;
1271|Tobias Whale|Tobias Whale;
1272|Tim Drake|Tim Drake;
1273|Tom Kalmaku|Thomas Kalmaku;
1274|Tom Strong|Tom Strong;
1275|Tomar-Re|Tomar-Re;
1276|Tomar-Tu|Tomar-Tu;
1277|Tommy Tomorrow|Tommy Tomorrow;
1278|Tomorrow Woman|Tomorrow Woman;
1279|Tony Zucco|Tony Zucco;
1280|Tangent Comics|Tangent Comics;
1281|Toyman|Toyman;
1282|Traci Thirteen|Traci Thirteen;
1283|Trixie Collins|Trixie Collins;
1284|Tronix|Mechatronics;
1285|Turytt|Turytt;
1286|Two-Face|Two-Face;
1287|Tyroc|Tyroc;
1288|Ultra Boy|Ultra Boy;
1289|Ultra Metallo|Ultra Metallo;
1290|Ultra the Multi-Alien|Ultra the Multi-Alien;
1291|Ultraa|Ultraa;
1292|Ultra-Humanite|Ultra-Humanite;
1293|Ultra-Man|Ultra-Man;
1294|Umbaluru|Umbaluru;
1295|Uncle Marvel|Uncle Marvel;
1296|Universo|Universo;
1297|Valentina Vostok|Valentina Vostok;
1298|Valerie Perez|Valerie Perez;
1299|Validus|Validus;
1300|Vandal Savage|Vandal Savage;
1301|Vartox|Vartox;
1302|Vath Sarn|Vath Sarn;
1303|Vera Black|Vera Black;
1304|Veridium|Will Magnus;
1305|Veronica Cale|Veronica Cale;
1306|Vext|Vext;
1307|Vicki Vale|Vicki Vale;
1308|Victor Zsasz|Victor Zsasz;
1309|Viking Prince|Viking Prince;
1310|Virman Vundabar|Virman Vundabar;
1311|Volcana|Volcana;
1312|Vril Dox|Vril Dox;
1313|WildStorm|WildStorm;
1314|Wally West|Wally West;
1315|Warlock's Daughter|Warlock's Daughter;
1316|Water King|Inkayacu;
1317|Weather Witch|Weather Witch;
1318|Weather Wizard|Weather Wizard;
1319|Whip Whirlwind|Max Mercury;
1320|Whisper A'Daire|Whisper A'Daire;
1321|White Magician|White Magician;
1322|White Rajah|White Rajahs;
1323|Will Magnus|Will Magnus;
1324|Witchboy|Klarion the Witch Boy;
1325|Wonder Twins|Wonder Twins;
1326|Wonder Woman|Wonder Woman;
1327|Woozy Winks|Woozy Winks;
1328|Wyoming Kid|Western Comics;
1329|Xadu, Doctor|Phantom_Zone#Pre-Crisis;
1330|Xanna|Empire_(comics)#Characters;
1331|Xanthi|Sparta_of_Synriannaq#Character_history;
1332|Xiuhtecutli|Cadre_(comics)#Cadre_of_the_Immortal;
1333|Xolotl|Hell_(DC_Comics)#Fiends;
1334|Xombi|Xombi;
1335|XS|XS_(comics);
1336|Y'onia, Fain|Global_Guardians#History;
1337|Yagor, Mog|Shanghalla;
1338|Yankee Doodle Boy(Quality Comics)|Yankee_Doodle_Boy;
1339|Yankee Poodle|Captain Carrot and His Amazing Zoo Crew!;
1340|Yarrok of Zulkan|Adam Strange;
1341|Yat, Sodam|Sodam_Yat;
1342|Yatz, Vincent|Creeper (DC Comics);
1343|Yeager, Alex|Batman Versus Predator;
1344|Yeats, William Butler(Vertigo)|The_Dreaming_(comics)#Bibliography;
1345|Yedziniak, George|War_of_the_Gods_(comics)#Prologue;
1346|Yellow|Rainbow Raider#Rainbow Raiders;
1347|Yellow Lantern|Hal_Jordan#Other_versions;
1348|Yellow Peri|Yellow_Peri;
1349|Yellowjacket(Charlton Comics)|Yellowjacket_(Charlton_Comics);
1350|Yen Wang|Onslaught_(DC_Comics)#Publication_history;
1351|Yera Allon|Yera_Allon;
1352|Yeti|Great_Ten#The_Yeti;
1353|Yindell, Ellen|Gotham_City_Police_Department#Commissioners;
1354|Ynda|Omega_Men#Later_members;
1355|Yolanda Montez|Wildcat_(Yolanda_Montez);
1356|Young Frankenstein|Young_Frankenstein_(comics);
1357|Yron|Stel#Fictional_character_biography;
1358|Yuga Khan|Yuga_Khan;
1359|Yuna the Terrible(Hanna-Barbera)|Super_Friends#Other_DC_Comics_villains;
1360|Yz, the Thunderbolt|Johnny_Thunder#Fictional_character_biography;
1361|Z-1|Metal Men;
1362|Zachary Zatara|Zachary_Zatara;
1363|Zaius, Doctor|Human_Defense_Corps#Membership;
1364|Zaladin|Axis_Amerika#Axis_America_(Modern_Age);
1365|Zalika|52_(comics)#Audiobook;
1366|Zan(Hanna-Barbera)|Wonder_Twins;
1367|Zanadu|Atlantis in comics #DC Comics versions;
1368|Zanetti, Helen|Breach_(comics)#Fictional_character_biography;
1369|Zanetti, Tate|Breach_(comics)#Fictional_character_biography;
1370|Zanetti, Tim, Jr.|Breach_(comics)#Fictional_character_biography;
1371|Zaora Hu-Ul(pocket universe)|Faora#Pocket_Universe;
1372|Zapatak|Xenobrood#Members;
1373|Zara|Zara_(comics);
1374|Zaryan the Conqueror|Garth_Ranzz#Silver_Age;
1375|Zatanna (I)|Zatanna;
1376|Zatanna (II)|Zatanna;
1377|Zatanna(Vertigo)|Zatanna#Other_versions;
1378|Zatara|Zatara;
1379|Zatara(Earth-22) (DC Elseworlds)|Kingdom_Come_(comics)#Batman's_&quot;Outsiders&quot
1380|Zauriel|Zauriel;
1381|Zauriel(DC Elseworlds)|Zauriel#Other_versions;
1382|Zebra-Man(I)|Zebra-Man#Jake_Baker;
1383|Zebra-Man(II)|Zebra-Man#Kobra's_Zebra-Man;
1384|Zecharia Leight|Xenobrood#Fictional_history;
1385|Zed, Galius|Galius_Zed;
1386|Zeep the Living Sponge|Hero_Hotline#Night_shift;
1387|Zeg(Quality Comics)|Blackhawk_(DC_Comics)#Original_Team;
1388|Zeiss|Zeiss_(comics);
1389|Zena Moonstruck|L.E.G.I.O.N.#Later_members;
1390|Zenturion|White_Martian#Hyperclan;
1391|Zephyrus(Fawcett Comics)|Mary_Marvel#Powers_and_abilities;
1392|Zeus|Zeus_(DC_Comics);
1393|Zeus(Fawcett Comics)|Captain_Marvel_(DC_Comics)#Powers_and_abilities;
1394|Zhay Daggle|Reep_Daggle#Silver_Age;
1395|Zho-Zhi, Deng|Onslaught_(DC_Comics)#Publication_history;
1396|Zibarro|Bizarro#Other_versions;
1397|Zilius Zox|Red_Lantern_Corps#Prominent_members;
1398|Zinc|Metal_Men#Substitute_members;
1399|Zip-Kid|Young_Heroes_in_Love#Characters;
1400|Zirconium|Metal_Men#One-shot_enemies;
1401|Zirral|Omega Men;
1402|Zod, General|General_Zod;
1403|Zolomon, Ashley|Reverse-Flash;
1404|Zonga (Fawcett Comics)|Fawcett_Comics;
1405|Zook|Zook_(comics);
1406|Zookeeper|Zookeeper_(comics);
1407|Zoom|Reverse-Flash;
1408|Zor, the Terrible Time Tailor|Sheeda#Allies;
1409|Zoraz|Kirt_Niedrigh#Absorbency_Boy;
1410|Zor-El|Zor-El;
1411|Zor-El, Kara|Supergirl_(Kara_Zor-El);
1412|Zor-L|Zor-El#Earth-Two;
1413|Zor-L II, Kara(DC Elseworlds)|Power_Girl#Other_versions;
1414|Zorrm the Desolate|52 (comics);
