,CharacterName,WikiLink
0,Abomination,Abomination (character)
1,Absorbing Man,Absorbing Man
2,Abraxas,
3,Abyss,
4,Access,
5,Achebe,Achebe (comics)
6,Adam,
7,Adam X,
8,Aegis,
9,Aero,
10,Aftershock,
11,Agamemnon,
12,Agamotto,
13,Agent,Agent (comics)
14,Agent X,Agent X (Marvel Comics)
15,Aginar,
16,Agony,
17,Ahab,
18,Ai Apaec,
19,AIDA,
20,Aireo,
21,Airstrike,Dmitri Bukharin
22,Air-Walker,Air-Walker
23,Albert,
24,Alchemy,
25,Alex,
26,Abdul Alhazred,
27,Alkhema,
28,All-American,
29,Liz Allan,Liz Allan
30,Allatou,
31,Alpha,
32,Alpha the Ultimate Mutant,
33,Marlene Alraune,
34,Amatsu-Mikaboshi,Amatsu-Mikaboshi (comics)
35,American Ace,
36,American Dream,American Dream (comics)
37,American Eagle,American Eagle (Marvel Comics)
38,Americop,
39,Amphibian,
40,Amphibion,
41,Amphibius,
42,Anachronism,
43,Anaconda,Anaconda (comics)
44,Anarchist,X-Statix
45,Anansi,
46,Ancient One,Ancient One
47,Andromeda,Andromeda (Marvel Comics)
48,Anelle,
49,Angar the Screamer,
50,Angel,Angel (Thomas Halloway)
51,Angel Dust,Angel Dust (comics)
52,Angela,Angela (comics)
53,Dirk Anger,Dirk Anger
54,Ani-Mator,Ani-Mator
55,Annex,Annex (comics)
56,Annihilus,Annihilus
57,Anole,Anole (comics)
58,Answer,
59,Anthem,Anthem (comics)
60,Ant-Man,Ant-Man
61,Anti-Venom,Anti-Venom (symbiote)
62,Apache Kid,Apache Kid (comics)
63,Ape-Man,Ani-Men#Original Ani-Men
64,Ape-X,
65,Apocalypse,Apocalypse (comics)
66,Apollo,Apollo (Marvel Comics)
67,Aquarius,
68,Aqueduct,Aqueduct (comics)
69,Arabian Knight,Arabian Knight (comics)
70,Aragorn,Aragorn (comics)
71,Arakko,
72,Arcade,Arcade (Marvel Comics)
73,Arcanna,
74,Arclight,Arclight (comics)
75,Ares,Ares (Marvel Comics)
76,Ariel 11,
77,Aries,Aries (comics)
78,Arkon,Arkon
79,Armadillo,Armadillo (comics)
80,Armless Tiger Man,
81,Armor,Armor (comics)
82,Armory,
83,Aron,
84,Arsenal,Arsenal (Marvel Comics)
85,Arsenic,Gertrude Yorkes
86,Artemis,
87,Asbestos Man,Asbestos Man
88,Mike Asher,Mike Asher
89,Asp,Asp (comics)
90,Astra,
91,Vance Astro,Vance Astro
92,Astronomer,Elders of the Universe
93,Atalanta,Atalanta (Pantheon)
94,Athena,Athena (Marvel Comics)
95,Atlas,Erik Josten
96,Attuma,Attuma
97,Atum,
98,Auran,
99,Aurora,Aurora (comics)
100,Avalanche,Avalanche (comics)
101,Avoe,
102,Awesome Android,Awesome Android
103,Azazel,Azazel (Marvel Comics)
104,Azzuri,Azzuri (comics)
105,Nakia Bahadir,
106,Bakuto,
107,Balthazar,
108,Martine Bancroft,
109,Bruce Banner,Bruce Banner
110,Rebecca Banner,Rebecca Banner
111,Brian Banner,Brian Banner
112,Bantam,
113,Eli Bard,
114,Baron Blood,Baron Blood
115,Baron Brimstone,Baron Brimstone
116,Baron Mordo,Baron Mordo
117,Baron Zemo,Baron Zemo
118,Barracuda,Barracuda (comics)
119,Barrage,Dark Riders (comics)
120,Turk Barrett,Turk Barrett
121,Breeze Barton,Breeze Barton
122,Basilisk,
123,Bast,Bast (Marvel Comics)
124,Bastion,Bastion (comics)
125,Batroc the Leaper,Batroc the Leaper
126,Battleaxe,
127,Battlestar,Battlestar (comics)
128,Batwing,Batwing (Marvel Comics)
129,Baymax,Baymax
130,Beast,Beast (comics)
131,Beautiful Dreamer,Beautiful Dreamer (Marvel Comics)
132,Bedlam,Bedlam (comics)
133,Beef,Beef (comics)
134,Beetle,Beetle (comics)
135,Bela,Bela (comics)
136,Belasco,Belasco (Marvel Comics)
137,Bella Donna,Bella Donna (comics)
138,Bengal,Bengal (comics)
139,Dexter Bennett,Dexter Bennett
140,Bereet,Bereet
141,Berzerker,Berzerker (comics)
142,Beta Ray Bill,Beta Ray Bill
143,Beyonder,Beyonder
144,Bi-Beast,Bi-Beast
145,Big Bertha,Big Bertha (comics)
146,Big Man,Big Man (comics)
147,Big Wheel,Big Wheel (comics)
148,Baxter Bigelow,
149,Bird-Brain,Bird-Brain (Marvel Comics)
150,Bird-Man,Bird-Man
151,Bishop,Bishop (Marvel Comics)
152,Derek Bishop,
153,Eleanor Bishop,
154,Bison,Bison (comics)
155,Black Ant,Eric O'Grady#Black Ant
156,Black Bolt,Black Bolt
157,Black Box,Black Box (comics)
158,Black Cat,Black Cat (Marvel Comics)
159,Black Crow,Black Crow (comics)
160,Black Dwarf,
161,Black Fox,Black Fox (Raul Chalmers)
162,"""Black"" Jack Tarr",Black Jack Tarr
163,Black Knight,Black Knight (comics)
164,Black Mamba,Black Mamba (comics)
165,Black Marvel,Black Marvel
166,Black Panther,Black Panther (character)|T'Challa (Marvel Cinematic Universe)
167,Black Racer,Black Racer (Marvel Comics)
168,Black Rider,Black Rider (comics)
169,Black Spectre,Black Spectre (Carson Knowles)
170,Black Swan,Black Swan (comics)
171,Black Talon,Black Talon (comics)
172,Black Tarantula,Black Tarantula
173,Black Tom Cassidy,Black Tom Cassidy
174,Black Widow,Black Widow (Marvel Comics)
175,Blackheart,Blackheart
176,Blacklash,Whiplash (Mark Scarlotti)
177,Blacklight,Blacklight (MC2)
178,Blackout,Blackout (Marcus Daniels)
179,Blackwing,Blackwing (character)
180,Blade,Blade (character)
181,Donald Blake,Thor (Marvel Comics)
182,Blank,Blank (comics)
183,Blastaar,Blastaar
184,Siena Blaze,Siena Blaze
185,Blazing Skull,Blazing Skull
186,Blindfold,Blindfold (comics)
187,Blindspot,Blindspot (comics)
188,Bling!,Bling!
189,Blink,Blink (comics)
190,Bliss,Bliss (Marvel Comics)
191,Blitz,
192,Blitzkrieg,
193,Blizzard,Blizzard (Marvel Comics)
194,Blob,Blob (comics)
195,Blockbuster,Blockbuster (Marauder)
196,Blonde Phantom,Blonde Phantom
197,Blood Brothers,Blood Brothers (comics)
198,Bloodaxe,Bloodaxe (comics)
199,Bloodhawk,Bloodhawk
200,Bloodscream,Bloodscream
201,Bloodshed,Bloodshed (comics)
202,Cullen Bloodstone,Cullen Bloodstone
203,Elsa Bloodstone,Elsa Bloodstone
204,Ulysses Bloodstone,Ulysses Bloodstone
205,Bloodstrike,Bloodstrike (Marvel Comics)
206,Blood Spider,
207,Bloodwraith,
208,Blue Blade,
209,Blue Blaze,
210,Blue Diamond,Blue Diamond (comics)
211,Blue Eagle,Blue Eagle (comics)
212,Blue Marvel,Blue Marvel
213,Blue Shield,Blue Shield (comics)
214,Blue Streak/Bluestreak,Blue Streak (comics)
215,"Bob, Agent of HYDRA","Bob, Agent of HYDRA"
216,Elias Bogan,Elias Bogan
217,Bolt,Chris Bradley
218,Ahura Boltagon,
219,Bombshell,
220,Bonebreaker,Bonebreaker
221,Alexander Bont,Alexander Bont
222,Boom-Boom,Tabitha Smith
223,Boomerang,Boomerang (comics)
224,Bor,
225,Bova,Bova (comics)
226,Melissa Bowen,
227,Box,Box (comics)
228,Jamie Braddock,Jamie Braddock
229,Isaiah Bradley,Isaiah Bradley
230,Brain Drain,Brain Drain (comics)
231,Brainchild,Brainchild (comics)
232,Abigail Brand,Abigail Brand
233,Ellen Brandt,
234,Betty Brant,Betty Brant
235,G. W. Bridge,G. W. Bridge
236,Brimstone Love,Brimstone Love
237,Britannia,
238,Carl Brock,
239,Nicholas Bromwell,
240,Broo,
241,Vanessa Brooks,
242,Brother Tode,Brother Tode
243,Brother Voodoo,Brother Voodoo
244,Brothers Grimm,Brothers Grimm (comics)
245,Bruiser,Molly Hayes
246,Brute,Brute (Reed Richards)
247,Bucky,Bucky (Marvel Comics)
248,Paul Budiansky,Paul Budiansky
249,Bug,Bug (comics)
250,Bulldozer,Bulldozer (comics)
251,Bullet,
252,Bullseye,Bullseye (comics)
253,Bulwark,Bulwark (comics)
254,Nathaniel Bumpo,Nathaniel Bumpo
255,Sonny Burch,
256,Burglar,Burglar (comics)
257,Burner,Burner (comics)
258,Noah Burstein,
259,Bushman,Bushman (comics)
260,Bushmaster,Bushmaster (Marvel Comics)
261,Bushwacker,Bushwacker (comics)
262,Butterfly,Layla Miller
263,Buzz,Buzz (Marvel Comics)
264,Byrrah,Byrrah
265,Tatiana Caban,Tatiana Caban
266,Bethany Cabe,Bethany Cabe
267,Caber,
268,Cable,Cable (comics)
269,Danielle Cage,
270,Luke Cage,Luke Cage
271,Caiera,
272,Caiman,Caiman (comics)
273,Caliban,Caliban (comics)
274,Callisto,Callisto (comics)
275,Mrs. Campbell,
276,Calypso,Calypso (comics)
277,Cammi,Cammi (comics)
278,Cancer,Cancer (comics)
279,Candra,Candra (comics)
280,Cannonball,Cannonball (comics)
281,Capricorn,Capricorn (comics)
282,Captain,Captain (comics)
283,Captain America,Captain America|Captain America (Ultimate Marvel character)|Steve Rogers (Marvel Cinematic Universe)
284,Captain Atlas,Captain Atlas
285,Captain Britain,Captain Britain
286,Captain Fate,Captain Fate
287,Captain Marvel,Captain Marvel (Marvel Comics)
288,Captain Midlands,Captain Midlands
289,Captain Savage,Captain Savage
290,Captain Spider,Flash Thompson
291,Captain UK,Captain Britain Corps#Known current members
292,Captain Ultra,Captain Ultra
293,Captain Universe,Captain Universe
294,Captain Wonder,Captain Wonder (Timely Comics)
295,Rosalie Carbone,
296,Cardiac,Cardiac (comics)
297,Cardinal,Cardinal (comics)
298,Caretaker,Caretaker (comics)
299,John Carik,
300,Luke Carlyle,
301,Carnage,Carnage (character)
302,Carnivore,Carnivore (comics)
303,Bruno Carrelli,
304,Carrion,Carrion (comics)
305,Peggy Carter,Peggy Carter
306,Sharon Carter,Sharon Carter
307,Tyrone Cash,Tyrone Cash
308,Cat-Man,
309,Catseye,Catseye (comics)
310,Ned Cecil,
311,Cell,Cell (comics)
312,Centennial,
313,Centurious,Centurious
314,Centurius,Centurius
315,Century,
316,Cerebra,Cerebra
317,Cerise,Cerise (comics)
318,Chaka,
319,Challenger,Challenger (comics)
320,Chamber,Chamber (comics)
321,Chameleon,Chameleon (comics)
322,Champion of the Universe,Champion of the Universe
323,Chance,
324,Marlo Chandler,Marlo Chandler
325,Robin Chapel,Damage Control (comics)#Employees
326,Charcoal,Charcoal (comics)
327,Charlie-27,Charlie-27
328,Charon,Charon (Marvel Comics)
329,Chemistro,Chemistro
330,Lila Cheney,
331,Zhou Cheng,Zhou Cheng
332,Cheshire Cat,Cheshire Cat (comics)
333,Chewie,
334,Chimera,
335,Amadeus Cho,Amadeus Cho
336,Ch'od,Ch'od
337,Choir,
338,Chondu the Mystic,Chondu the Mystic
339,Andrew Chord,Andrew Chord
340,Chronomancer,Trevor Fitzroy
341,Chthon,
342,Chtylok,
343,Cipher,Cipher (comics)
344,Citizen V,Citizen V
345,Clash,
346,Clea,Clea
347,Albert Cleary,Damage Control#Employees
348,Cloak,Cloak and Dagger (comics)
349,Cloud 9,Cloud 9 (comics)
350,Coachwhip,Coachwhip (comics)
351,Coal Tiger,Coal Tiger
352,Cobalt Man,Cobalt Man
353,Cobra,Cobra (Marvel Comics)
354,Izzy Cohen,
355,Malcolm Colcord,Malcolm Colcord
356,Coldblood,Coldblood
357,Collective Man,Collective Man
358,Collector,Collector (comics)
359,Rusty Collins,Rusty Collins
360,Colonel,Ultimate Red Guardian
361,Colossus,Colossus (comics)
362,Comanche,Comanche (comics)
363,Comet,
364,Comet Man,Comet Man
365,Commander Kraken,Commander Kraken
366,Conan,Conan (Marvel Comics)
367,Condor,Condor (comics)
368,Billy Connors,Billy Connors (comics)
369,Martha Connors,Martha Connors
370,Conquest,Conquest (comics)
371,Constrictor,Constrictor (comics)
372,Contemplator,Contemplator (Marvel Comics)
373,Controller,Controller (Marvel Comics)
374,Jen Cooke,Jen Cooke
375,Finn Cooley,Finn Cooley
376,Carlie Cooper,Carlie Cooper
377,Valerie Cooper,Valerie Cooper
378,Copperhead,Copperhead (Marvel Comics)
379,Copycat,
380,Anya Corazon,Anya Corazon
381,Gil Corazon,
382,Sofia Corazon,
383,Peter Corbeau,Peter Corbeau
384,Edwin Cord,Edwin Cord
385,Abraham Cornelius,Abraham Cornelius
386,Archie Corrigan,Archie Corrigan
387,Corruptor,Corruptor (comics)
388,Corsair,Corsair (comics)
389,Tom Corsi,Tom Corsi
390,Fabian Cortez,Fabian Cortez
391,Cosmo the Spacedog,Cosmo the Spacedog
392,Cottonmouth,Cottonmouth (Cornell Cottonmouth)
393,Phil Coulson,Phil Coulson
394,Delphine Courtney,
395,Cowgirl,Cowgirl (comics)
396,Graydon Creed,Graydon Creed
397,Crime Master,Crime Master
398,Crimson Cavalier,Crimson Cavalier
399,Crimson Commando,Crimson Commando
400,Crimson Curse,Crimson Curse
401,Crimson Dynamo,Crimson Dynamo
402,Crippler,Crippler (comics)
403,Augustine Cross,
404,Darren Cross,Darren Cross
405,Crossbones,Crossbones (comics)
406,Crossfire,Crossfire (comics)
407,Crucible,Enclave (comics)#Crucible
408,Crule,
409,Crusader,Crusader (Marvel Comics)
410,Crusher,Crusher (comics)
411,Crusher Hogan,
412,Crystal,Crystal (comics)
413,Cutthroat,
414,Cyber,Cyber (Marvel Comics)
415,Doctor Cyclobe,
416,Cyclone,Cyclone (Marvel Comics)
417,Cyclops,Cyclops (Marvel Comics)
418,Cypher,Cypher (comics)
419,Cyttorak,Cyttorak
420,Dagger,Dagger (comics)
421,Dagoth,
422,Daken,Daken
423,Dakimh the Enchanter,Dakimh the Enchanter
424,Damballah,
425,Daniel Whitehall,
426,Dansen Macabre,
427,Daredevil,Daredevil (Marvel Comics character)
428,Dark Beast,Dark Beast
429,Dark-Crawler,
430,Darkdevil,Darkdevil
431,Darkhawk,Darkhawk
432,Darkoth,Darkoth
433,Darkstar,Darkstar (Marvel Comics)
434,Darter,
435,Darwin,Darwin (comics)
436,Spacker Dave,Spacker Dave
437,Jefferson Davis,
438,Leonardo da Vinci,
439,Daytripper,Amanda Sefton
440,Dazzler,Dazzler (Marvel Comics)
441,The Deacon,
442,Dead Girl,Dead Girl
443,Deadpool,Deadpool
444,Betty Dean,
445,Frank and Leslie Dean,Pride (comics)#The Dean family
446,Death,Death (Marvel Comics)
447,Death Adder,Death Adder (comics)
448,Death-Dealer,
449,Death Metal,Death Metal (comics)
450,Death-Stalker,
451,Death Wreck,
452,Death's-Head,Death's Head
453,Deathbird,Deathbird
454,Deathlok,Deathlok
455,Deathurge,
456,Deathwatch,Deathwatch (comics)
457,Debrii,Debrii
458,December,
459,Defender,
460,Valentina Allegra de Fontaine,Valentina Allegra de Fontaine
461,Father Delgado,
462,Marco Delgado,Marco Delgado (comics)
463,Delilah,Delilah (comics)
464,Delphi,Delphi (Pantheon)
465,Demiurge,
466,Demogoblin,Demogoblin
467,Demolition Man,Demolition Man (comics)
468,Demon Bear,Demon Bear
469,Desak,Desak
470,Destiny,Destiny (Irene Adler)
471,Destroyer,Destroyer (Keen Marlow)
472,Detroit Steel,Detroit Steel
473,Devastator,Devastator (comics)
474,Devil Dinosaur,Devil Dinosaur
475,Devil-Slayer,Devil-Slayer (comics)
476,Devos the Devastator,Devos the Devastator
477,Jean DeWolff,Jean DeWolff
478,Diablo,Diablo (Marvel Comics)
479,Bob Diamond,
480,Diamond Lil,Diamond Lil (Marvel Comics)
481,Diamondback,Diamondback (Willis Stryker)
482,Diamondhead,Diamondhead (comics)
483,Diatrice Alraune,
484,Digger,Digger (Marvel Comics)
485,Digitek,Digitek (comics)
486,Dinah Soar,Dinah Soar
487,Dionysus,Dionysus (Marvel Comics)
488,Dirtnap,Dirtnap (comics)
489,Discus,
490,DJ,
491,D'Ken,D'Ken
492,D.O.A.,Hellions (comics)#Emplate's Hellions
493,Doc Samson,Doc Samson
494,Doctor Bong,Doctor Bong
495,Doctor Demonicus,Doctor Demonicus
496,Doctor Doom,Doctor Doom
497,Doctor Druid,Doctor Druid
498,Doctor Faustus,Doctor Faustus (comics)
499,Doctor Minerva,Doctor Minerva
500,Doctor Nemesis,Doctor Nemesis
501,Doctor Octopus,Doctor Octopus
502,Doctor Spectrum,Doctor Spectrum
503,Doctor Strange,Doctor Strange
504,Doctor Sun,
505,Doctor Voodoo,Daniel Drumm
506,Stacy Dolan,
507,Domino,Domino (comics)
508,Dominus,
509,Big Ben Donovan,Big Ben Donovan
510,Roger Dooley,Roger Dooley
511,Doom 2099,Doom 2099
512,Doorman,Doorman (comics)
513,Doop,Doop (comics)
514,Dopinder,
515,Dorma,Dorma (comics)
516,Dormammu,Dormammu
517,Doughboy,Doughboy (comics)
518,Dracula,Dracula (Marvel Comics)
519,Dragon Lord,Dragon Lord (comics)
520,Dragon Man,Dragon Man (comics)
521,Dragon of the Moon,
522,Dragonfly,
523,Dragoness,
524,Carlton Drake,
525,Frank Drake,
526,Damon Dran,Damon Dran
527,Drax the Destroyer,Drax the Destroyer
528,Dreadknight,Dreadknight
529,Dreadnought,Dreadnought (comics)
530,Dreaming Celestial,
531,Dreamqueen,
532,Igor Drenkov,
533,Dredmund Druid,Dredmund Druid
534,Druig,Druig
535,Dryad,Dryad (comics)
536,D'Spayre,D'Spayre
537,Michael Duffy,
538,Dum-Dum Dugan,Dum-Dum Dugan
539,Fred Duncan,
540,Dusk,Dusk (comics)
541,Dust,Dust (comics)
542,Dweller-in-Darkness,Dweller-in-Darkness
543,Dyna-Mite,
544,Dynamic Man,
545,Earth Lord,Earth Force (Marvel Comics)#Membership
546,Earth Sentry,
547,Ebon Samurai,Ebon Samurai
548,Echo,Echo (Marvel Comics)
549,Ectokid,Ectokid
550,Ethan Edwards,Ethan Edwards
551,Eel,Eel (comics)
552,Egghead,Egghead (Marvel Comics)
553,Ego the Living Planet,Ego the Living Planet
554,Eitri,Eitri (comics)
555,El Aguila,El Aguila
556,El Guapo,
557,Electric Eve,
558,Electro,Electro (Marvel Comics)
559,Electron,
560,Elixir,Elixir (comics)
561,Elias Spector,
562,Matthew Ellis,
563,Mitchell Ellison,
564,Elsie-Dee,Elsie-Dee
565,Elysius,Elysius (comics)
566,Empath,Empath (comics)
567,Emplate,
568,Enchantress,Enchantress (Marvel Comics)
569,Energizer,Katie Power
570,Enforcer,Enforcer (comics)
571,Ent,Ent (comics)
572,Entropy,
573,Eon,
574,Epoch,
575,Equinox,Equinox (comics)
576,Ereshkigal,Ereshkigal (Marvel Comics)
577,Eric the Red,Eric the Red (comics)
578,Erg,Erg (comics)
579,Ernst,
580,Abraham Erskine,
581,Eternity,Eternity (comics)
582,E.V.A.,Fantomex#Powers and abilities
583,Christine Everhart,
584,Everyman,Everyman (Marvel Comics)
585,Ex Nihilo,Ex Nihilo (comics)
586,Executioner,Executioner (comics)
587,Exodus,Exodus (comics)
588,Ezekiel,Ezekiel (comics)
589,Fafnir,
590,Falcon,Falcon (comics)|Sam Wilson (Marvel Cinematic Universe)
591,Falcona,
592,Falligar the Behemoth,
593,Famine,
594,Fancy Dan,Fancy Dan
595,Fandral,Fandral
596,Fang,
597,Fantasia,
598,Fantomex,Fantomex
599,Kat Farrell,
600,Fasaud,Fasaud
601,Fatale,Fatale (Marvel Comics)
602,Father Time,Father Time (Marvel Comics)
603,Joe Faulkner,
604,Fenris Wolf,Fenris Wolf (Marvel Comics)
605,Feral,Feral (comics)
606,Fer-de-Lance,Fer-de-Lance (comics)
607,Ferocia,
608,Feron,
609,Connie Ferrari,
610,Ferret,
611,Philip Fetter,Saint Sinner (comics)
612,Fever Pitch,
613,Fiery Mask,
614,Fin,Fin (comics)
615,Fin Fang Foom,Fin Fang Foom
616,Finesse,Finesse (character)
617,Fire-Eater,
618,Firebird,Firebird (Marvel Comics)
619,Firebrand,Firebrand (Marvel Comics)
620,Firelord,Firelord (comics)
621,Firepower,Firepower (comics)
622,Firestar,Firestar (Marvel Comics)
623,Richard Fisk,Richard Fisk
624,Vanessa Fisk,Vanessa Fisk
625,Leo Fitz,Leo Fitz
626,Fixx,Fixx (Marvel comics)
627,Fixer,Fixer (comics)
628,Flag-Smasher,Flag-Smasher
629,Flashback,Flashback (comics)
630,Flashfire,
631,Flatman,Flatman (comics)
632,Flex,Flex (comics)
633,Flexo the Rubber Man,
634,Flint,
635,Flipside,Flipside (comics)
636,Sally Floyd,Sally Floyd (comics)
637,Flux,Flux (comics)
638,Flying Tiger,Flying Tiger (Marvel Comics)
639,Mickey Fondozzi,Mickey Fondozzi
640,Foolkiller,Foolkiller
641,Forbush Man,Forbush Man
642,Force,Force (comics)
643,Forearm,Forearm (comics)
644,Foreigner,Foreigner (comics)
645,Forge,Forge (comics)
646,Lee Forrester,Lee Forrester
647,Forgotten One,Forgotten One (comics)
648,Don Fortunato,Don Fortunato
649,Dominic Fortune,Dominic Fortune
650,Jane Foster,Jane Foster (comics)
651,Frederick Foswell,Frederick Foswell
652,Foxbat,Foxbat (comics)
653,Foxfire,Foxfire (comics)
654,Frankenstein's Monster,Frankenstein's Monster (Marvel Comics)
655,Freak,Freak (Marvel Comics)
656,Freakshow,Freakshow (comics)
657,Free Spirit,Free Spirit (comics)
658,Freebooter,
659,Freedom Ring,Freedom Ring
660,Spike Freeman,Spike Freeman
661,Frenchie,Frenchie (comics)
662,Frenzy,Frenzy (comics)
663,Freya,Freya (comics)
664,Friday,F.R.I.D.A.Y.
665,Friction,Friction (comics)
666,Sharon Friedlander,Sharon Friedlander
667,Frigga,Frigga (Marvel Comics)
668,Frog-Man,Frog-Man
669,Adrienne Frost,Adrienne Frost
670,Carmilla Frost,
671,Christian Frost,
672,Deacon Frost,Deacon Frost
673,Emma Frost,Emma Frost
674,Rumiko Fujikawa,Rumiko Fujikawa
675,Fury,Fury (Marvel Comics)
676,Jake Fury,Jake Fury
677,Mikel Fury,Mikel Fury
678,Nick Fury,Nick Fury|Nick Fury (Ultimate Marvel character)|Nick Fury (Marvel Cinematic Universe)
679,Nick Fury Jr.,Nick Fury Jr.
680,Vernon Fury,Vernon Fury
681,Fusion,Fusion (Marvel Comics)
682,Futurist,Futurist (comics)
683,Gaea,
684,Gaia,
685,Michelle Gonzales,
686,Galacta,
687,Galactus,Galactus
688,Galaxy Master,
689,Gambit,Gambit (Marvel Comics)
690,Gamesmaster,Gamesmaster (comics)
691,Gamora,Gamora
692,Ganymede,
693,Gardener,Gardener (comics)
694,Gargantua,Gargantua (comics)
695,Gargoyle,Gargoyle (comics)
696,Garokk,Garokk
697,Jeffrey Garrett,Jeffrey Garrett
698,John Garrett,John Garrett (comics)
699,Gatecrasher,Gatecrasher (Marvel Comics)
700,Gateway,Gateway (comics)
701,Kulan Gath,Kulan Gath
702,Gauntlet,Gauntlet (comics)
703,Gavel,Gavel (comics)
704,Blackie Gaxton,
705,Gazelle,Salem's Seven
706,Geiger,Geiger (comics)
707,Geist,
708,Gemini,Gemini (Marvel Comics)
709,Genesis,Genesis (Marvel Comics)
710,Genis-Vell,Genis-Vell
711,Gentle,Gentle (comics)
712,Ghaur,Ghaur
713,Annie Ghazikhanian,
714,Carter Ghazikhanian,
715,Ghost,Ghost (Marvel Comics)
716,Ghost Girl,
717,Ghost Rider,Ghost Rider
718,Ghost Rider 2099,Ghost Rider 2099
719,Ghoul,
720,Giant-Man,Giant-Man
721,Gibbon,Gibbon (comics)
722,Gibborim,Gibborim (comics)
723,Gideon,Gideon (comics)
724,Giganto,Giganto
725,Gigantus,Gigantus
726,Gilded Lily,
727,Gladiator,Gladiator (Melvin Potter)
728,Gladiatrix,Gladiatrix (comics)
729,Corvus Glaive,Corvus Glaive
730,Glob,Glob (comics)
731,Glob Herman,
732,Glorian,Glorian
733,Glowworm,
734,Glyph,
735,Ma Gnucci,Ma Gnucci
736,GoGo Tomago,GoGo Tomago
737,Goblyn,
738,Goddess,Goddess (comics)
739,Godzilla,"Godzilla, King of the Monsters (comic book)"
740,Golddigger,Femizons#Members
741,Golden Archer,
742,Golden Girl,Betsy Ross (comics)
743,Golden Woman,
744,Golem,Golem (comics)
745,Goliath,Goliath (Marvel Comics)
746,Vin Gonzales,Vin Gonzales
747,Goom,Goom
748,Gordon,
749,Gorgilla,Gorgilla
750,Gorgolla,Gorgolla
751,Gorgon,Gorgon (Inhuman)
752,Delphyne Gorgon,Delphyne Gorgon
753,Gorilla Girl,Gorilla Girl
754,Gorilla-Man,Gorilla-Man
755,Gorr the God Butcher,Gorr the God Butcher
756,Gorr the Golden Gorilla,Gorr the Golden Gorilla
757,Gosamyr,
758,Grand Director,Grand Director
759,Glory Grant,Glory Grant
760,Grasshopper,Grasshopper (comics)
761,Graviton,Graviton (comics)
762,Gravity,Gravity (comics)
763,Graymalkin,Graymalkin
764,Great Gambonnos,
765,Green Goblin,Green Goblin|Green Goblin (Ultimate Marvel character)
766,Grey Gargoyle,Grey Gargoyle
767,Jean Grey,Jean Grey
768,John Grey,
769,Greystone,
770,Griffin,Griffin (Marvel Comics)
771,David Griffith,David Griffith (comics)
772,Grim Hunter,Grim Hunter
773,Grim Reaper,Grim Reaper (comics)
774,Grindhouse,Grindhouse (comics)
775,Grizzly,Grizzly (comics)
776,Grog,Grog (Marvel Comics)
777,Groot,Groot
778,Grotesk,
779,Grotto,
780,Growing Man,
781,Guardian,Guardian (Marvel Comics)
782,Guardsman,Guardsman (comics)
783,Guillotine,
784,Jebediah Guthrie,Jebediah Guthrie
785,Melody Guthrie,
786,Henry Peter Gyrich,Henry Peter Gyrich
787,Gwenpool,Gwenpool
788,Hala the Accuser,Hala the Accuser
789,Gabrielle Haller,
790,Tadashi Hamada,Tadashi Hamada
791,Cockroach Hamilton,Cockroach Hamilton
792,Hamir the Hermit,
793,Hammer,
794,Caleb Hammer,
795,Justin Hammer,Justin Hammer
796,Sasha Hammer,
797,Hammerhead,Hammerhead (comics)
798,Victoria Hand,Victoria Hand (comics)
799,Hangman,
800,Maya Hansen,Maya Hansen
801,Hardball,Hardball (comics)
802,HardDrive,
803,Hardshell,Leila Davis
804,Felicity Hardy,Felicity Hardy
805,Hargen the Measurer,Celestials (comics)#Members
806,Quincy Harker,
807,Agatha Harkness,Agatha Harkness
808,Harold H. Harold,
809,Harpoon,Marauders (comics)
810,Harrier,Harrier (comics)
811,Stephanie Harrington,DP 7#Main characters
812,Arthur Harrow,
813,Jonas Harrow,Jonas Harrow
814,Danika Hart,
815,Hate-Monger,Hate-Monger
816,Hauptmann Deutschland (Captain Germany),Hauptmann Deutschland
817,Haven,
818,Havok,Havok (comics)
819,Hawkeye,Hawkeye (Clint Barton)|Clint Barton (Marvel Cinematic Universe)
820,Pamela Hawley,
821,Gene and Alice Hayes,Pride (comics)#The Hayes family
822,Haywire,Haywire (comics)
823,Hazmat,
824,Mark Hazzard,Mark Hazzard: Merc
825,Headlok,Headlok
826,Headsman,Headsman (comics)
827,Hebe,Hebe (Marvel Comics)
828,Hecate,Hecate (Marvel Comics)
829,Hector,Hector (Pantheon)
830,Heimdall,Heimdall (comics)
831,Hela,Hela (comics)
832,Helix,Helix (Marvel Comics)
833,Hellcat,Patsy Walker
834,Hellcow,Hellcow
835,Helleyes,
836,Hellfire,Hellfire (J.T. Slade)
837,Hellion,Hellion (comics)
838,Hellrazor,Hellrazor
839,Daimon Hellstrom,Daimon Hellstrom
840,Hemingway,
841,Hephaestus,
842,Hepzibah,Hepzibah (comics)
843,Hera,
844,H.E.R.B.I.E.,H.E.R.B.I.E.
845,Hercules,Hercules (Marvel Comics)
846,Gregory Herd,Gregory Herd
847,Hermes,Hermes (Marvel Comics)
848,Hermod,Hermod (comics)
849,Hex,Hex (Marvel Comics)
850,High Evolutionary,High Evolutionary
851,Hijack,
852,Hijacker,Hijacker (comics)
853,Hildegarde,
854,Hildegund,
855,Maria Hill,Maria Hill
856,Carol Hines,
857,Hindsight,Hindsight (comics)
858,Hippolyta,
859,Hiro-Kala,Hiro-Kala
860,Hiroim,Hiroim
861,Hit-Monkey,Hit-Monkey
862,Hitman,Hitman (Marvel Comics)
863,Toni Ho,Toni Ho
864,Anne Marie Hoag,Anne Marie Hoag
865,Hobgoblin,Hobgoblin (comics)
866,Hoder,
867,Cameron Hodge,Cameron Hodge
868,Happy Hogan,Happy Hogan (comics)
869,Jeryn Hogarth,Jeryn Hogarth
870,Hogun,Hogun
871,Holocaust,Holocaust (Marvel Comics)
872,Lilly Hollister,Menace (Marvel Comics)
873,Hollywood,Wonder Man#Guardians of the Galaxy
874,Honey Lemon,Honey Lemon
875,Hood,Hood (comics)
876,Hornet,Hornet (comics)
877,Phineas Horton,
878,Hoss,
879,Howard the Duck,Howard the Duck
880,George Howe,George Howe (comics)
881,Hrimhari,Hrimhari
882,Jimmy Hudson,Jimmy Hudson
883,Hugin and Munin,Hugin and Munin (Marvel Comics)
884,Hulk,Hulk|Bruce Banner (Marvel Cinematic Universe)
885,Hulk 2099,Hulk 2099
886,Hulk Robot,
887,Hulkling,Hulkling
888,Human Cannonball,Human Cannonball (Marvel Comics)
889,Human Fly,Human Fly (comics)
890,Human Top,Human Top (David Mitchell)
891,Human Torch,Human Torch (android)
892,Humbug,Humbug (comics)
893,Hummingbird,Hummingbird (comics)
894,Humus Sapien,Humus Sapien
895,Amber Hunt,
896,Huntara,Fantastic Force#Original team
897,Hunter,
898,Henrietta Hunter,Henrietta Hunter
899,Stevie Hunter,Stevie Hunter
900,Hunter in Darkness,
901,Hunter the White Wolf,
902,Huntsman,Huntsman (Cephalus)
903,Hurricane,Hurricane (comics)
904,Husk,Husk (comics)
905,Faiza Hussain,Faiza Hussain
906,Hussar,
907,Hybrid,Hybrid (Jimmy Marks)
908,Hydro-Man,Hydro-Man
909,Hyperion,Hyperion (comics)
910,Hyperstorm,
911,Hypno-Hustler,Hypno-Hustler
912,Hypnotia,Hypnotia
913,Icarus,
914,Iceman,Iceman (Marvel Comics)
915,Icemaster,
916,Idunn,Idunn (comics)
917,Ikaris,Ikaris
918,Ikthalon,
919,Immortus,Immortus
920,Impossible Man,Impossible Man
921,In-Betweener,In-Betweener
922,Indra,Indra (comics)
923,Inertia,Inertia (Marvel Comics)
924,Infectia,
925,Inferno,Inferno (Dante Pertuz)
926,Infinity,
927,Ink,Ink (comics)
928,Shola Inkosi,Shola Inkosi
929,Insect Queen,Petra Laskov
930,Interloper,
931,Invisible Woman,Invisible Woman
932,Ion,Ion (Marvel Comics)
933,Jason Ionello,
934,Iron Cross,Iron Cross (Marvel Comics)
935,Iron Fist,Iron Fist (comics)
936,Iron Lad,Iron Lad
937,Iron Man,Iron Man|Iron Man (Ultimate Marvel character)|Tony Stark (Marvel Cinematic Universe)
938,Iron Man 2020,Iron Man 2020
939,Iron Monger,Iron Monger
940,Iron Patriot,Iron Patriot
941,Ironclad,Ironclad (comics)
942,ISAAC,ISAAC (comics)
943,Isbisa,Isbisa
944,Iso,
945,It! The Living Colossus,It! The Living Colossus
946,J'son of Spartax,J'son (character)
947,J2,J2 (comics)
948,Jack Flag,Jack Flag
949,Jack Frost,Jack Frost (Marvel Comics)
950,Jack O'Lantern,Jack O'Lantern (Marvel Comics)
951,Jack of Hearts,Jack of Hearts (Marvel Comics)
952,Jackal,Jackal (Marvel Comics character)
953,Jackdaw,
954,Jackhammer,Jackhammer (comics)
955,Jackpot,Jackpot (Marvel Comics)
956,Brent Jackson,Brent Jackson
957,Jade Dragon,
958,Sajani Jaffrey,
959,J. Jonah Jameson,J. Jonah Jameson
960,John Jameson,John Jameson (comics)
961,Jann of the Jungle,Jann of the Jungle
962,Janus,Janus (Marvel Comics)
963,Jarella,Jarella
964,Jarvis,J.A.R.V.I.S.
965,Edwin Jarvis,Edwin Jarvis
966,Jerry Jaxon,Jerry Jaxon
967,Jazinda,Jazinda
968,Jester,Jester (Marvel Comics)
969,Jetstream,Jetstream (comics)
970,Jiang Li,
971,Jigsaw,Jigsaw (Marvel Comics)
972,Jimmy-6,Jimmy-6
973,Joan,Joan (comics)
974,Jocasta,Jocasta (comics)
975,John the Skrull,John the Skrull
976,Johnny Dee,Johnny Dee
977,Otis and Adina Johnson,
978,Otis Johnson Jr.,
979,Aikku Jokinen,
980,Jolen,Jolen (comics)
981,Jolt,
982,Charlotte Jones,Charlotte Jones (comics)
983,Gabe Jones,Gabe Jones
984,Hugh Jones,Hugh Jones (comics)
985,Jessica Jones,Jessica Jones
986,Piranha Jones,
987,Rick Jones,Rick Jones (comics)
988,Joseph,
989,Josiah X,
990,Joystick,
991,Jubilee,Jubilee (comics)
992,Jude the Entropic Man,Jude the Entropic Man
993,Juggernaut,Juggernaut (comics)
994,Junior Juniper,Junior Juniper
995,Junta,Junta (comics)
996,Justice,Justice (New Universe)
997,Kaecilius,Kaecilius
998,Elloe Kaifi,Elloe Kaifi
999,Kala,Kala (comics)
1000,Jennifer Kale,Jennifer Kale
1001,Noble Kale,Noble Kale
1002,Kaluu,Kaluu
1003,Kamikaze,Kamikaze (comics)
1004,Kamran,
1005,Garrison Kane,Garrison Kane
1006,Kang the Conqueror,Kang the Conqueror
1007,Kangaroo,Kangaroo (comics)
1008,Karkas,Karkas (comics)
1009,Karma,Karma (comics)
1010,Karn,
1011,Karnak,Karnak (comics)
1012,Karnilla,
1013,Vasily Karpov,
1014,Karthon the Quester,Karthon the Quester
1015,Kazann,
1016,Ka-Zar,Ka-Zar (David Rand)|Ka-Zar (Kevin Plunder)
1017,Robert Kelly,Robert Kelly (comics)
1018,Kelpie,
1019,Kestrel,Kestrel (Marvel Comics)
1020,Aamir Khan,
1021,Kamala Khan,Kamala Khan
1022,Muneeba Khan,
1023,Yusuf Khan,
1024,Khonshu,Khonshu (Marvel Comics)
1025,KIA,KIA (comics)
1026,Kiber the Cruel,Kiber the Cruel
1027,Kid Cassidy,Kid Cassidy
1028,Kid Colt,Kid Colt
1029,Kid Kaiju,Kid Kaiju
1030,Kid Omega,Kid Omega
1031,Killer Shrike,Killer Shrike
1032,Aldrich Killian,Aldrich Killian
1033,Erik Killmonger,Erik Killmonger
1034,Killpower,Killpower
1035,Killraven,Killraven
1036,Kimura,Kimura (comics)
1037,Kindred,Harry Osborn#Kindred
1038,Hannibal King,Hannibal King
1039,King Bedlam,King Bedlam
1040,Kingmaker,Kingmaker (comics)
1041,Kingpin,Kingpin (comics)
1042,Roderick Kingsley,Roderick Kingsley
1043,Kirigi,
1044,Kismet,Kismet (Marvel Comics)
1045,Kiwi Black,Kiwi Black
1046,Klaatu,Klaatu (comics)
1047,Klaw,Klaw (Marvel Comics)
1048,Kleinstocks,Kleinstocks
1049,Kly'bn,
1050,Misty Knight,Misty Knight
1051,Knull,Knull (comics)
1052,Amiko Kobayashi,
1053,Kobik,
1054,Eric Koenig,Eric Koenig
1055,Komodo,Komodo (comics)
1056,Korath the Pursuer,Korath the Pursuer
1057,Korg,Korg (comics)
1058,Korrek,Korrek
1059,Korvac,Korvac
1060,Korvus,Korvus (comics)
1061,Kraglin Obfonteri,Kraglin
1062,Kraken,Daniel Whitehall
1063,Krakoa,Krakoa
1064,Krang,Krang (Marvel Comics)
1065,Kraven the Hunter,Kraven the Hunter
1066,Simon Krieger,
1067,Kro,Kro (comics)
1068,Kronos,
1069,Krugarr,
1070,Krystalin,Krystalin
1071,Kubik,
1072,Shen Kuei,
1073,Kull,Kull (comics)
1074,Marduk Kurios,
1075,Kurse,
1076,Kylun,Kylun
1077,K'ythri,
1078,La Lunatica,La Lunatica
1079,Lacuna,Lacuna (comics)
1080,Lady Bullseye,Lady Bullseye
1081,Lady Deathstrike,Lady Deathstrike
1082,Lady Dorma,Lady Dorma
1083,Lady Grey,Lady Grey (comics)
1084,Lady Lark,
1085,Lady Lotus,Lady Lotus
1086,Lady Mastermind,Lady Mastermind
1087,Lady Octopus,Lady Octopus
1088,Lamprey,Lamprey (comics)
1089,Steven Lang,Steven Lang (comics)
1090,David Langford,
1091,Lasher,
1092,Laufey,Laufey (comics)
1093,Laughing Mask,
1094,Lauri-ell,
1095,Morgan le Fay,Morgan le Fay (Marvel Comics)
1096,Leader,Leader (comics)
1097,Leap-Frog,
1098,Leather Boy,
1099,Ganke Lee,
1100,Leech,Leech (comics)
1101,Ned Leeds,Ned Leeds
1102,Left Hand,
1103,Left-Winger,Left-Winger (comics)
1104,Prudence Leighton,Prudence Leighton
1105,Lei Kung,Lei Kung (comics)
1106,Leir,Leir (Marvel Comics)
1107,Harry Leland,Harry Leland
1108,Leo,Leo (comics)
1109,Leonus,
1110,Leper Queen,Leper Queen
1111,Letha,Letha (comics)
1112,Libra,Libra (Marvel Comics)
1113,Lifeform,Lifeform (comics)
1114,Lifeguard,Lifeguard (comics)
1115,Lightmaster,Lightmaster
1116,Tommy Lightning,Crusaders (Marvel Comics)
1117,Lightspeed,Julie Power
1118,Lilith,Lilith (Marvel Comics)
1119,Lionheart,Lionheart (comics)
1120,Litterbug,Litterbug (comics)
1121,Live Wire,
1122,Living Brain,Living Brain
1123,Living Diamond,
1124,Living Laser,Living Laser
1125,Living Lightning,Living Lightning
1126,Living Monolith,Living Monolith
1127,Living Tribunal,Living Tribunal
1128,Lizard,Lizard (comics)
1129,Llan the Sorcerer,
1130,Llyra,Llyra
1131,Llyron,
1132,Loa,Loa (comics)
1133,Maximus Lobo,Maximus Lobo
1134,Lobo Brothers,Lobo Brothers
1135,Lockheed,Lockheed (comics)
1136,Lockjaw,Lockjaw (comics)
1137,Locus,Locus (comics)
1138,Locust,Locust (comics)
1139,Lodestone,Lodestone (comics)
1140,Loki,Loki (Marvel Comics)|Loki (Marvel Cinematic Universe)
1141,Raza Longknife,Raza Longknife
1142,Longshot,Longshot (Marvel Comics)
1143,Lord Chaos,Lord Chaos (Marvel Comics)
1144,Lord Dark Wind,Lord Dark Wind
1145,Lord Deathstrike,Hellfire Club (comics)#Hellfire Academy
1146,Lord of Light,
1147,Andy Lorimer,Andy Lorimer
1148,Lorna the Jungle Girl,Lorna the Jungle Girl
1149,Lorelei,Lorelei (Mutate)
1150,Nancy Lu,Nancy Lu
1151,James Lucas,
1152,Lucifer,Lucifer (Marvel Comics)
1153,Lucy in the Sky,Karolina Dean
1154,Ludi,
1155,Luis,
1156,Aleksander Lukin,Aleksander Lukin
1157,Willie Lumpkin,Willie Lumpkin
1158,Luna Snow,
1159,Lunatik,Lunatik
1160,Lupo,Lupo (comics)
1161,Lurking Unknown,Lurking Unknown
1162,Lyja,Lyja
1163,Michael Lynch,
1164,Gideon Mace,Gideon Mace
1165,Jason Macendale,Jason Macendale
1166,Mach-VI,Abner Jenkins
1167,Machete,Machete (comics)
1168,Machine Man,Machine Man
1169,Machine Teen,Machine Teen
1170,Machinesmith,Machinesmith
1171,Al MacKenzie,Al MacKenzie
1172,Moira MacTaggart,Moira MacTaggart
1173,Mad Dog,Mad Dog (Marvel Comics)
1174,Mad Dog Rassitano,Mad Dog Rassitano
1175,Mad Jim Jaspers,
1176,Mad Thinker,Mad Thinker
1177,Madame Hydra,Madame Hydra
1178,Madame Masque,Madame Masque
1179,Madame Menace,Sunset Bain
1180,Madame Sanctity,
1181,Madame Web,Madame Web
1182,Madcap,Madcap (comics)
1183,Artie Maddicks,
1184,Madman,Madman (Marvel Comics)
1185,Maelstrom,Maelstrom (comics)
1186,Maestro,Maestro (comics)
1187,Maggott,Maggott
1188,Magician,Magician (comics)
1189,Magik,Magik (comics)
1190,Magique,Magique
1191,Magma,Magma (Jonathan Darque)
1192,Magneto,Magneto (Marvel Comics)
1193,Magnir,Enchanters Three
1194,Magnus the Sorcerer,
1195,Maha Yogi,
1196,Mahkizmo,Mahkizmo
1197,Brett Mahoney,Brett Mahoney
1198,Mahr Vehl,Mahr Vehl
1199,Mainframe,
1200,Major Liberty,
1201,Major Mapleleaf,Major Mapleleaf
1202,Maker,Maker (Reed Richards)
1203,Makkari,Makkari (comics)
1204,Malekith the Accursed,Malekith the Accursed
1205,Malice,Malice (comics)
1206,Karl Malus,Karl Malus
1207,Mammomax,Mammomax
1208,Man-Ape,Man-Ape
1209,Man-Beast,Man-Beast
1210,Man-Bull,Man-Bull
1211,Man-Eater,
1212,Man-Elephant,Man-Elephant
1213,Man-Killer,Man-Killer
1214,Man Mountain Marko,Man Mountain Marko
1215,Man-Spider,Spider-Man
1216,Man-Thing,Man-Thing
1217,Manbot,
1218,Victor Mancha,Victor Mancha
1219,Mandarin,Mandarin (comics)
1220,Mandrill,Mandrill (comics)
1221,Dino Manelli,Dino Manelli
1222,Mangler,
1223,Mangog,Mangog
1224,Manifold,Manifold (comics)
1225,Manikin,Manikin (comics)
1226,Manphibian,Manphibian
1227,Manslaughter,
1228,Manta,
1229,Mantis,Mantis (Marvel Comics)
1230,Anna Maria Marconi,Anna Maria Marconi
1231,Marrow,Marrow (comics)
1232,Truman Marsh,
1233,Simon Marshall,
1234,Martinex,Martinex
1235,Martyr,Phyla-Vell
1236,Marvel Boy,Marvel Boy (Robert Grayson)
1237,Marvelman,Marvelman
1238,Masacre,
1239,Masked Marauder,Masked Marauder
1240,Masked Raider,Masked Raider
1241,Masque,Masque (comics)
1242,Massacre,Massacre (Marvel Comics)
1243,Mass Master,Jack Power (Marvel Comics)
1244,Master Hate,
1245,Master Izo,Master Izo
1246,Master Khan,Master Khan
1247,Master Man,Master Man (Marvel Comics)|l1=Master Man
1248,Master Menace,Master Menace
1249,Mastermind Excello,
1250,Master Mold,Master Mold
1251,Master of the World,Master of the World (comics)|l1=Master of the World
1252,Master Order,
1253,Master Pandemonium,Master Pandemonium
1254,Mastermind,Mastermind (Jason Wyngarde)
1255,Alicia Masters,Alicia Masters
1256,Matador,Matador (Marvel Comics)
1257,Match,Match (Marvel Comics)
1258,Mathemaniac,Mathemanic
1259,Mauler,Mauler (comics)
1260,Maverick,David North (comics)
1261,Robert Maverick,Robert Maverick
1262,Ebony Maw,Ebony Maw
1263,Max,
1264,Maxam,
1265,Luna Maximoff,Luna Maximoff
1266,Maximus the Mad,Maximus (comics)
1267,Melinda May,Melinda May
1268,Mayhem,Mayhem (comics)
1269,Kenny McFarlane,Kenny McFarlane
1270,Tiny McKeever,
1271,Megan McLaren,
1272,Meanstreak,Meanstreak (comics)
1273,Medusa,Medusa (comics)
1274,Harold Meachum,Harold Meachum
1275,Joy Meachum,
1276,Ward Meachum,Ward Meachum
1277,Megatak,
1278,Meggan,Meggan (character)
1279,Seamus Mellencamp,Seamus Mellencamp
1280,Melter,Melter
1281,Menace,
1282,Donald Menken,
1283,Mentallo,Mentallo
1284,Mentor,Mentor (A'lars)
1285,Mephisto,Mephisto (comics)
1286,Mercurio the 4-D Man,Mercurio the 4-D Man
1287,Mercury,Mercury (Marvel Comics)
1288,Mercy,
1289,Merlin,Merlin (Marvel Comics)
1290,Merlyn,Merlyn (Marvel Comics)
1291,Irene Merryweather,Irene Merryweather
1292,Mesmero,Mesmero
1293,Metal Master,Metal Master (comics)
1294,Metalhead,Metalhead (comics)
1295,Meteorite,Karla Sofen
1296,Mettle,Mettle (comics)
1297,Lynn Michaels,Lynn Michaels
1298,Microbe,
1299,Microchip,Microchip (comics)
1300,Micromax,Micromax
1301,Midas,Midas (comics)
1302,Midgard Serpent,Midgard Serpent (comics)
1303,Midnight,
1304,Proxima Midnight,Proxima Midnight
1305,Midnight Sun,Midnight Sun (Marvel Comics)
1306,Midnight Fire,Midnight's Fire
1307,Miek,Miek
1308,Milan,Milan (comics)
1309,Jake Miller,
1310,Millie the Model,Millie the Model
1311,Mimic,Mimic (comics)
1312,Mimir,
1313,Mind-Wave,Mind-Wave
1314,Mindless Ones,Mindless Ones
1315,Mindworm,
1316,Nico Minoru,Nico Minoru
1317,Robert and Tina Minoru,Pride (comics)#The Minoru family
1318,Minotaur,Minotaur (comics)
1319,Miracle Man,Miracle Man
1320,Mirage,Mirage (Marvel Comics)
1321,Miss America,Miss America (Madeline Joyce)
1322,Miss Arrow,Miss Arrow
1323,Miss Patriot,
1324,Missing Link,Missing Link (comics)
1325,Mister E,
1326,Mister Fantastic,Mister Fantastic
1327,Mister Fear,Mister Fear
1328,Mister Fish,Mr. Fish
1329,Mister Gideon,Gamma Corps#First Gamma Corps
1330,Mister Hyde,Mister Hyde (comics)
1331,Mister Immortal,Mister Immortal
1332,Mister Jip,Mister Jip
1333,Mister M,Mister M (comics)
1334,Mister Negative,Mister Negative
1335,Mister Sensitive,Mister Sensitive
1336,Mister Sinister,Mister Sinister
1337,Mister X,Mister X (Marvel Comics)
1338,Mistress Love,
1339,Yorkie Mitchell,Yorkie Mitchell
1340,MJ,MJ (Marvel Cinematic Universe)
1341,Mockingbird,Mockingbird (Marvel Comics)
1342,MODAM,MODAM
1343,Max Modell,Max Modell
1344,MODOK,MODOK
1345,Modred the Mystic,Modred the Mystic
1346,Modular Man,Modular Man
1347,Mogul of the Mystic Mountain,
1348,Mojo,Mojo (comics)
1349,Mole Man,Mole Man
1350,Molecule Man,Molecule Man
1351,Molten Man,Molten Man
1352,Mondo,
1353,Mongoose,Mongoose (comics)
1354,Monkey Joe,
1355,Alison Mongrain,
1356,Monsteroso,Monsteroso
1357,Montana,Montana (comics)
1358,Moon-Boy,Moon-Boy
1359,Moondark,
1360,Moondragon,Moondragon
1361,Moon Girl,Moon Girl (Marvel Comics)
1362,Moonglow,Moonglow (comics)
1363,Moonhunter,
1364,Moon Knight,Moon Knight
1365,Danielle Moonstar,Danielle Moonstar
1366,Moonstone,Lloyd Bloch
1367,Miles Morales,Spider-Man (Miles Morales)
1368,Rio Morales,
1369,"Morbius, the Living Vampire","Morbius, the Living Vampire"
1370,Mordred,Mordred (comics)
1371,David Moreau,David Moreau
1372,Morg,MOR103
1373,Jim Morita,Jim Morita
1374,Morlun,Morlun
1375,Morning Star,Morning Star (comics)
1376,Morph,Morph (comics)
1377,Morpheus,Morpheus (Marvel Comics)
1378,Morrat,Morrat
1379,Eli Morrow,
1380,Mortis,Lois London
1381,Moses Magnum,
1382,Mother Night,Mother Night (comics)
1383,Motormouth,Motormouth (comics)
1384,Mountjoy,Mountjoy (comics)
1385,Moving Shadow,
1386,Alyssa Moy,Alyssa Moy
1387,Ms. Marvel,Ms. Marvel
1388,Ms. Thing,
1389,Multiple Man,Jamie Madrox
1390,Jack Murdock,Jack Murdock (comics)
1391,Maggie Murdock,Maggie Murdock
1392,Matt Murdock,Daredevil (Marvel Comics character)|Kingpin (Matt Murdock)
1393,Mike Murdock,Mike Murdock
1394,Murmur,Murmur (Marvel Comics)
1395,Mutant Master,
1396,Junzo Muto,Junzo Muto
1397,Mysterio(n),Mysterio
1398,Mystique,Mystique (comics)
1399,N'astirh,N'astirh
1400,N'Garai,N'Garai
1401,"N'Kantu, the Living Mummy","N'Kantu, the Living Mummy"
1402,Naga,Naga (Marvel Comics)
1403,Nahrees,Nahrees (comics)
1404,Namor the Sub-Mariner,Namor the Sub-Mariner
1405,Namora,Namora
1406,Namorita,Namorita
1407,Native,Native (comics)
1408,Nebula,Nebula (comics)
1409,Network,
1410,Neutron,
1411,Nezarr the Calculator,
1412,NFL SuperPro,NFL SuperPro
1413,Night Nurse,Night Nurse (comics)
1414,Night Thrasher,Night Thrasher (Dwayne Taylor)
1415,Nightcrawler,Nightcrawler (comics)
1416,Nighthawk,Nighthawk (Marvel Comics)
1417,Nightmare,Nightmare (Marvel Comics)
1418,Nightmask,Nightmask
1419,Nightshade,Nightshade (Marvel Comics)
1420,Nightside,Nightside (comics)
1421,Nightwatch,Nightwatch (comics)
1422,Nikki,Nikki (comics)
1423,Emil Nikos,
1424,Tana Nile,Tana Nile
1425,Nimrod,Nimrod (comics)
1426,Nitro,Nitro (comics)
1427,Kiden Nixon,Kiden Nixon
1428,No-Girl,
1429,No-Name,No-Name
1430,Nocturne,Nocturne (Talia Wagner)
1431,Nomad,Nomad (comics)
1432,Dakota North,Dakota North (comics)
1433,Northstar,Northstar (Marvel Comics)
1434,Nova,Nova (Frankie Raye)
1435,Cassandra Nova,Cassandra Nova
1436,Nth Man,Nth Man
1437,Nuke,Nuke (Marvel Comics)
1438,Nuklo,Nuklo
1439,Numinus,
1440,Nyx,
1441,Randy O'Brien,Randy O'Brien
1442,Blackjack O'Hare,
1443,Alfie O'Meggan,Alfie O'Meggan
1444,Seymour O'Reilly,
1445,Solomon O'Sullivan,Solomon O'Sullivan
1446,Obituary,Obituary (comics)
1447,Obliterator,Obliterator (comics)
1448,Oblivion,
1449,Obnoxio the Clown,Obnoxio the Clown
1450,Occulus,Occulus
1451,Ocean,Ocean (Marvel Comics)
1452,Ocelot,Ocelot (comics)
1453,Oddball,Oddball (comics)
1454,Odin,Odin (comics)
1455,Aleta Ogord,Aleta Ogord
1456,Ogre,Ogre (Marvel Comics)
1457,Ogress,Ogress (comics)
1458,Okoye,
1459,Old Lace,Old Lace (comics)
1460,Old Man Logan,Old Man Logan
1461,Omega,Omega (Marvel Comics)
1462,Omega Red,Omega Red
1463,Omega the Unknown,Omega the Unknown
1464,Omerta,Paulie Provenzano
1465,One Above All,
1466,One Below All,
1467,Onyxx,Onyxx
1468,Ooze,Ooze (comics)
1469,Opal Tanaka,
1470,Opsidian,Gene Nation
1471,Optoman,Optoman
1472,Oracle,Oracle (Marvel Comics)
1473,Orator,Orator (comics)
1474,Orb,Orb (comics)
1475,Orbit,Orbit (comics)
1476,Orchid,Orchid (comics)
1477,Ord,Ord (comics)
1478,Orka,Orka (comics)
1479,Orphan,Orphan (Marvel Comics)
1480,Orphan-Maker,Orphan-Maker
1481,Orrgo,Orrgo
1482,Ismael Ortega,Ismael Ortega
1483,Emily Osborn,
1484,Harry Osborn,Harry Osborn|Harry Osborn (Sam Raimi film series)
1485,Norman Osborn,Norman Osborn|Norman Osborn (Sam Raimi film series)
1486,Normie Osborn,Normie Osborn
1487,Oshtur,Oshtur
1488,Osiris,Osiris (Marvel Comics)
1489,Otomo,Otomo (comics)
1490,Outlaw,Outlaw (comics)
1491,Outlaw Kid,Outlaw Kid
1492,Overdrive,Overdrive (comics)
1493,Overkill,Overkill (comics)
1494,Overmind,Overmind (comics)
1495,Ozone,Ozone (comics)
1496,Owl,Owl (Marvel Comics)
1497,Ox,Ox (comics)
1498,Oya,Oya (comics)
1499,Ozymandias,
1500,Karen Page,Karen Page
1501,Doctor Paine,
1502,Paladin,Paladin (comics)
1503,Pandemic,Pandemic (comics)
1504,Paradigm,Paradigm (comics character)
1505,Paris,Paris (Marvel Comics)
1506,Benjy Parker,Benjamin Richard Parker
1507,Ben Parker,Uncle Ben
1508,Kaine Parker,Kaine Parker
1509,Richard and Mary Parker,Richard and Mary Parker
1510,Teresa Parker,
1511,Pasco,Pasco (comics)
1512,Pathway,
1513,Patriot,Patriot (comics)
1514,Peepers,Peepers (Marvel Comics)
1515,Penance,Penance (X-Men)
1516,Peregrine,Peregrine (comics)
1517,Persuasion,Persuasion (comics)
1518,Perun,Perun (comics)
1519,Pestilence,Pestilence (comics)
1520,Petra,
1521,Mike Peterson,Deathlok (Michael Peterson)
1522,Phage,
1523,Phantazia,Phantazia
1524,Phantom Eagle,Phantom Eagle
1525,Phantom Reporter,Phantom Reporter
1526,Phantom Rider,Phantom Rider
1527,Phaser,Phaser (comics)
1528,Phastos,Phastos
1529,Phat,Phat (comics)
1530,Chester Phillips,
1531,Phobos,Phobos (Marvel Comics)
1532,Phone Ranger,Phone Ranger
1533,Piecemeal,Proteus (Marvel Comics)#Piecemeal
1534,Alexander Goodwin Pierce,Alexander Goodwin Pierce
1535,Donald Pierce,Donald Pierce
1536,Piledriver,Piledriver (comics)
1537,Pink Pearl,Pink Pearl (comics)
1538,Pinky Pinkerton,Pinky Pinkerton
1539,Pip the Troll,Pip the Troll
1540,Pipeline,Pipeline (comics)
1541,Piranha,Piranha (comics)
1542,Pisces,Pisces (comics)
1543,Pixie,Pixie (X-Men)
1544,Plague,
1545,Plantman,Plantman
1546,Plunderer,Plunderer (comics)
1547,Pluto,Pluto (Marvel Comics)
1548,Pod,Pod (comics)
1549,Poison,
1550,Polestar,Polestar (comics)
1551,Porcupine,Porcupine (comics)
1552,Portal,Portal (comics)
1553,Possessor,Possessor (comics)
1554,Post,
1555,Postman,Postman (comics)
1556,Pepper Potts,Pepper Potts
1557,Poundcakes,Poundcakes
1558,Malcolm Powder,
1559,Powderkeg,Powderkeg (character)
1560,Power Broker,Power Broker (character)
1561,Power Man,Power Man (Victor Alvarez)
1562,Power Princess,Power Princess
1563,Powerhouse,Powerhouse (comics)
1564,Predator X,Predator X (Marvel Comics)
1565,Presence,
1566,Prester John,Prester John (comics)
1567,Pretty Boy,Pretty Boy (comics)
1568,Pretty Persuasions,Pretty Persuasions
1569,Preview,Preview (comics)
1570,Primus,Primus (Marvel Comics)
1571,Princess Python,Princess Python
1572,Prism,Prism (comics)
1573,Proctor,Proctor (comics)
1574,Prodigy,Prodigy (Ritchie Gilmore)
1575,Professor Power,Professor Power
1576,Professor Thornton,Professor Thornton
1577,The Profile,The Profile
1578,Prometheus,Prometheus (Marvel Comics)
1579,Protector,
1580,Proteus,Proteus (Marvel Comics)
1581,Protégé,
1582,Protocide,Protocide
1583,Prowler,Prowler (Marvel Comics)
1584,Kitty Pryde,Kitty Pryde
1585,Madelyne Pryor,Madelyne Pryor
1586,Psi-Hawk,Psi-Hawk
1587,Psycho-Man,Psycho-Man
1588,Psyklop,Psyklop
1589,Psylocke (Betsy Braddock),Betsy Braddock
1590,Psylocke (Kwannon),Kwannon (character)
1591,Puck,Puck (Marvel Comics)
1592,Puff Adder,Puff Adder (comics)
1593,Pulsar,Pulsar (Marvel Comics)
1594,Pulse,Pulse (Augustus)
1595,Puma,Puma (comics)
1596,Punchout,Punchout (comics)
1597,Punisher,Punisher
1598,Punisher 2099,Punisher 2099
1599,Puppet Master,Puppet Master (Marvel Comics)
1600,Purple Man,Purple Man
1601,Henry Pym,Henry Pym
1602,Hope Pym,Hope Pym
1603,Pyre,Pyre (comics)
1604,Pyro,Pyro (Marvel Comics)
1605,Quagmire,
1606,Quake,Daisy Johnson
1607,Clay Quartermain,Clay Quartermain
1608,Quasar,Quasar (comics)
1609,Quasimodo,
1610,Queen,
1611,Quicksand,
1612,Quicksilver,Quicksilver (comics)
1613,Quill,
1614,Meredith Quill,
1615,Raa of the Caves,Raa of the Caves
1616,Holden Radcliffe,Holden Radcliffe
1617,Radioactive Man,Radioactive Man (comics)
1618,Radius,Radius (comics)
1619,Irani Rael,
1620,Rage,Rage (comics)
1621,Ragnarok,Ragnarok (comics)
1622,Tamara Rahn,Tamara Rahn
1623,Raiders,Raiders (comics)
1624,Raina,
1625,Rajah,
1626,Rakkus,Rakkus
1627,Rebel Ralston,Rebel Ralston
1628,Ramonda,
1629,Rampage,Rampage (Marvel Comics)
1630,Ramrod,
1631,Ramshot,
1632,Rancor,
1633,Random,Random (comics)
1634,Ransak the Reject,
1635,Kavita Rao,Kavita Rao
1636,Monica Rappaccini,Monica Rappaccini
1637,Raptor,
1638,Mikhail Rasputin,Mikhail Rasputin
1639,Rattler,Rattler (comics)
1640,Ravage,Ravage (Marvel Comics)
1641,Ravage 2099,Ravage 2099
1642,Ravonna,Ravonna
1643,Rawhide Kid,Rawhide Kid
1644,Raza,
1645,Razor Fist,Razor Fist
1646,Razorback,Razorback (comics)
1647,Reaper,
1648,Recorder 451,Recorder 451
1649,Red Barbarian,Red Barbarian
1650,Red Dagger,
1651,Red Ghost,Red Ghost (character)
1652,Red Guardian,Red Guardian
1653,Red King,
1654,Red Lotus,
1655,Red Hulk,Red Hulk
1656,Red Nine,Red Nine
1657,Red Raven,Red Raven (Marvel Comics)
1658,Red Ronin,Red Ronin
1659,Red She-Hulk,Betty Ross
1660,Red Shift,Red Shift (comics)
1661,Red Skull,Red Skull
1662,Red Sonja,Red Sonja
1663,Red Wolf,Red Wolf (comics)
1664,Redstone,Redstone (comics)
1665,Redwing,Redwing (Marvel Comics)
1666,Redeemer,
1667,Regent,
1668,Reignfire,Reignfire
1669,Ben Reilly,Ben Reilly
1670,Replica,
1671,Reptil,Reptil
1672,Reptyl,Reptyl
1673,Clive Reston,Clive Reston
1674,Rev,Rev (comics)
1675,Revanche,Revanche (Marvel Comics)
1676,Revolutionary,
1677,Cecilia Reyes,Cecilia Reyes
1678,Gabe Reyes,
1679,Rhapsody,Rhapsody (comics)
1680,Rhino,Rhino (comics)
1681,Val Rhymin,Val Rhymin
1682,Zander Rice,
1683,Franklin Richards,Franklin Richards (Fantastic Four)
1684,Gail Richards,
1685,Nathaniel Richards,Nathaniel Richards (Marvel Comics)
1686,Valeria Richards,Valeria Richards
1687,Molly von Richthofen,Molly von Richthofen
1688,Ricochet,Ricochet (comics)
1689,Rictor,Rictor
1690,Right-Winger,
1691,Ringer,Ringer (comics)
1692,Ringmaster,Ringmaster (comics)
1693,Ringo Kid,Ringo Kid
1694,Rintrah,
1695,Dallas Riordan,Dallas Riordan
1696,Riot,
1697,Riptide,Riptide (comics)
1698,Deborah Risman,Deborah Risman
1699,Matthew Risman,Matthew Risman
1700,Risque,Risque (comics)
1701,Donald & Deborah Ritter,Donald & Deborah Ritter
1702,Roberta,
1703,Robbie Robertson,Robbie Robertson (comics)
1704,Randy Robertson,Randy Robertson
1705,Rock Python,Rock Python
1706,Rocket Raccoon,Rocket Raccoon
1707,Rocket Racer,Rocket Racer
1708,Rocketeers,Rocketeers (comics)
1709,Rocketlauncher,Death Squad (comics)
1710,Rockman,Rockman (comics)
1711,Rockslide,Rockslide (comics)
1712,Barbara Rodriguez,
1713,Rodstvow,Rodstvow
1714,Joseph Rogers,
1715,Sarah Rogers,
1716,Steven Rogers,
1717,Rogue,Rogue (comics)
1718,Rom,Rom (comics)
1719,Roma,Roma (comics)
1720,Romulus,Romulus (Marvel Comics)
1721,Ronan the Accuser,Ronan the Accuser
1722,Ronin,Ronin (Marvel Comics)
1723,Richard Rory,Richard Rory
1724,Bernie Rosenthal,
1725,Roughouse,Roughouse
1726,Roulette,
1727,Donald Roxxon,
1728,Royal Roy,Royal Roy
1729,Ruby Thursday,Ruby Thursday
1730,Ruckus,Ruckus (comics)
1731,Runner,Runner (comics)
1732,Henry Russo,Henry Russo
1733,The Russian,Russian (comics)
1734,Ryder,Skrull Kill Krew
1735,John Ryker,John Ryker
1736,Rynda,
1737,Sabra,Sabra (comics)
1738,Sabreclaw,
1739,Sabretooth,Sabretooth (comics)
1740,Gwenny Lou Sabuki,
1741,Sage,Sage (comics)
1742,Sagittarius,Sagittarius (comics)
1743,Lynn Sakura,
1744,Sandman,Sandman (Marvel Comics)
1745,Sangre,Sangre (comics)
1746,Sasquatch,Sasquatch (comics)
1747,Sat-Yr-9,Sat-Yr-9
1748,Satana,Satana (Marvel Comics)
1749,Satannish,Satannish
1750,Saturnyne,Saturnyne
1751,Saul,Saul (comics)
1752,Sauron,Sauron (comics)
1753,Savage Steel,
1754,Happy Sam Sawyer,Happy Sam Sawyer
1755,Rafael Scarfe,
1756,Scaleface,Scaleface
1757,Scalphunter,Scalphunter (Marvel Comics)
1758,Scanner,
1759,Scarecrow,Scarecrow (Marvel Comics)
1760,Scarlet Scarab,Scarlet Scarab
1761,Scarlet Spider,Scarlet Spider
1762,Scarlet Witch,Scarlet Witch|Wanda Maximoff (Marvel Cinematic Universe)
1763,Schizoid Man,
1764,Eric Schwinner,
1765,Scientist Supreme,Scientist Supreme
1766,Scimitar,Scimitar (Marvel Comics)
1767,Scintilla,
1768,Scorcher,Scorcher (comics)
1769,Scorpia,Scorpia (comics)
1770,Scorpio,Scorpio (Marvel Comics)
1771,Scorpion,Scorpion (Marvel Comics)
1772,Scorn,
1773,Scourge of the Underworld,Scourge of the Underworld
1774,Scramble,Scramble (comics)
1775,Scrambler,Scrambler (comics)
1776,Grady Scraps,
1777,Nicholas Scratch,Nicholas Scratch
1778,Scream,Scream (comics)
1779,Scribe,Scribe (comics)
1780,Scuzz,Scuzz (comics)
1781,Seeker,
1782,Selene,Selene (comics)
1783,Erik Selvig,Erik Selvig
1784,Señor Muerte / Señor Suerte,Señor Muerte / Señor Suerte
1785,Sentinel,Sentinel (comics)
1786,Sentry,Sentry (comics)
1787,Senyaka,
1788,Sepulchre,
1789,Sequoia,Sequoia (comics)
1790,Serafina,Serafina (Marvel)
1791,Serpentina,Serpentina (comics)
1792,Sersi,Sersi
1793,Set,
1794,Juston Seyfert,Juston Seyfert
1795,Shadow King,Shadow King
1796,Shalla-Bal,Shalla-Bal
1797,Shaman,Shaman (comics)
1798,Shamrock,Shamrock (comics)
1799,Shang-Chi,Shang-Chi|Shang-Chi (Marvel Cinematic Universe)
1800,Shanna the She-Devil,Shanna the She-Devil
1801,Karima Shapandar,Karima Shapandar
1802,Shape,Shape (comics)
1803,Shaper of Worlds,Shaper of Worlds
1804,Shard,Shard (comics)
1805,Miriam Sharpe,Miriam Sharpe
1806,Shathra,Shathra
1807,Shatter,Shatter (comics)
1808,Shatterax,
1809,Shatterstar,Shatterstar
1810,Jacob Shaw,Jacob Shaw (comics)
1811,Sebastian Shaw,Sebastian Shaw (comics)
1812,Shinobi Shaw,Shinobi Shaw
1813,She-Hulk,She-Hulk
1814,She-Venom,Anne Weying
1815,Sheath,
1816,Shellshock,Shellshock (Marvel Comics)
1817,Shepard,Shepard (comics)
1818,Max Shiffman,
1819,Lotus Shinchuko,Lotus Shinchuko
1820,Randall Shire,Randall Shire
1821,Shiva,Shiva (Marvel Comics)
1822,S.H.O.C.,
1823,Shocker,Shocker (comics)
1824,Shockwave,Shockwave (comics)
1825,Shooting Star,Shooting Star (comics)
1826,Shortpack,Shortpack
1827,Shotgun,
1828,Shrew,Shrew (comics)
1829,Shriek,Shriek (comics)
1830,Shriker,Shriker
1831,Shroud,Shroud (comics)
1832,Shrunken Bones,
1833,Shuma-Gorath,Shuma-Gorath
1834,Sibercat,
1835,Sidewinder,Sidewinder (comics)
1836,Siege,Siege (John Kelly)
1837,Sif,Sif (comics)|Sif (Marvel Cinematic Universe)
1838,Sigyn,Sigyn (Marvel Comics)
1839,Silencer,Silencer (comics)
1840,Silhouette,Silhouette (comics)
1841,Silk,Silk (comics)
1842,Samuel Silke,Samuel Silke
1843,Silver Dagger,Silver Dagger (comics)
1844,Silver Fox,Silver Fox (comics)
1845,Silver Sable,Silver Sable
1846,Silver Samurai,Silver Samurai
1847,Silver Scorpion,
1848,Silver Surfer,Silver Surfer
1849,Silverclaw,Silverclaw
1850,Silvermane,Silvermane
1851,Jemma Simmons,Jemma Simmons
1852,Sin,Sin (Marvel Comics)
1853,Sin-Eater,Sin-Eater (comics)
1854,Sirocco,Sirocco (comics)
1855,Siryn,Siryn
1856,Sise-Neg,
1857,Sister Dagger,
1858,Jasper Sitwell,Jasper Sitwell
1859,Skaar,Skaar (character)
1860,Skein,Skein (comics)
1861,Skids,Skids (comics)
1862,Skin,Skin (Marvel Comics)
1863,Skinner,Skinner (comics)
1864,Skornn,Skornn
1865,Skrullian Skymaster,Skrullian Skymaster
1866,Skull the Slayer,Skull the Slayer
1867,Skullbuster,Skullbuster
1868,Skullfire,Skullfire
1869,Skybolt,Redneck (comics)
1870,Skyhawk,Skyhawk (comics)
1871,Slab,Slab (comics)
1872,Margaret Slade,Margaret Slade (Marvel Comics)
1873,Slapstick,Slapstick (comics)
1874,Slash,Slash (Marvel Comics)
1875,Trevor Slattery,Trevor Slattery
1876,Vic Slaughter,
1877,Slaymaster,Slaymaster
1878,Sleeper,Sleeper (Marvel Comics)
1879,Sleepwalker,Sleepwalker (comics)
1880,Slipstream,Slipstream (comics)
1881,Sligguth,
1882,Slither,Slither (comics)
1883,Slingshot,Yo-Yo Rodriguez
1884,Slug,Slug (comics)
1885,Slyde,Slyde
1886,Marrina Smallwood,Marrina Smallwood
1887,Smart Alec,
1888,Smartship Friday,Smartship Friday
1889,Smasher,Smasher (Marvel Comics)
1890,Smiling Tiger,Smiling Tiger
1891,Smuggler,Smuggler (comics)
1892,Alistair Smythe,Alistair Smythe
1893,Spencer Smythe,Spencer Smythe
1894,Snake Marston,Snake Marston (comics)
1895,Snakes,
1896,Snapdragon,Snapdragon (comics)
1897,Snowbird,Snowbird (comics)
1898,Tildie Soames,Tildie Soames
1899,Martin Soap,Martin Soap
1900,Solarman,Solarman
1901,Solarr,
1902,Solo,Solo (Marvel Comics)
1903,Solomon Kane,Solomon Kane (comics)
1904,Songbird,Songbird (comics)
1905,Candy Southern,
1906,Southpaw,Southpaw (comics)
1907,Space Phantom,
1908,SP//dr,Peni Parker
1909,Speed,Speed (comics)
1910,Speed Demon,Speed Demon (comics)
1911,Speedball,Robbie Baldwin
1912,Mrs. Spector,
1913,Sphinx,Sphinx (Marvel Comics)
1914,Spider-Girl,Spider-Girl (Mayday Parker)
1915,Spider-Ham,Spider-Ham
1916,Spider King,
1917,Spider-Man,Spider-Man (Pavitr Prabhakar)
1918,Spider-Man 2099,Spider-Man 2099
1919,Spider-Punk,Spider-Punk
1920,Spider-Slayer,Spider-Slayer
1921,Spider-UK,Spider-UK
1922,Spider-Woman,Spider-Woman
1923,Spidercide,Spidercide
1924,Spike,Spike (Marvel Comics)
1925,Spiral,Spiral (comics)
1926,Spirit of '76,Spirit of '76 (Marvel Comics)
1927,Spirit of Vengeance,
1928,Spitfire,Spitfire (comics)
1929,Spoilsport,Spoilsport (comics)
1930,Spoor,Spoor (comics)
1931,Spot,Spot (comics)
1932,Sprite,Sprite (Eternal)
1933,Sprocket,Sprocket (comics)
1934,Sputnik,Sputnik (comics)
1935,Spyder,Spyder (comics)
1936,Spyke,Spyke
1937,Spymaster,Spymaster (comics)
1938,Spyne,Spyne
1939,Squirrel Girl,Squirrel Girl
1940,Squid,Squid (Marvel Comics)
1941,Squidboy,Squidboy
1942,Gabriel and Sarah Stacy,Gabriel Stacy and Sarah Stacy
1943,George Stacy,George Stacy
1944,Gwen Stacy,Gwen Stacy|Spider-Woman (Gwen Stacy)|Gwen Stacy (The Amazing Spider-Man film series)
1945,Helen Stacy,
1946,Stacy X,Stacy X
1947,Stained Glass Scarlet,Stained Glass Scarlet
1948,Stallior,
1949,Zeke Stane,Zeke Stane
1950,Star,
1951,Star Brand,Star Brand
1952,Star-Lord,Star-Lord
1953,Star Thief,Star Thief
1954,Starbolt,
1955,Stardust,Stardust (Marvel Comics)
1956,Starfox,Starfox (comics)
1957,Starhawk,Starhawk (comics)
1958,Starlight,Starlight (Marvel Comics)
1959,Arno Stark,Arno Stark
1960,Howard Stark,Howard Stark
1961,Maria Stark,Maria Stark
1962,Morgan Stark,Morgan Stark
1963,Natasha Stark,
1964,Starr the Slayer,Starr the Slayer
1965,Ava Starr,
1966,Starshine,Starshine (comics)
1967,Emma Steed,Emma Steed
1968,Steel Serpent,Steel Serpent
1969,Steel Spider,Steel Spider
1970,Steel Wind,Steel Wind
1971,Steeplejack,Steeplejack (Marvel Comics)
1972,Stegron,Stegron
1973,Chase Stein,Chase Stein
1974,Victor and Janet Stein,Pride (comics)#The Stein family
1975,Stellaris,Stellaris (comics)
1976,Stepford Cuckoos,Stepford Cuckoos
1977,Steppin' Razor,
1978,Ella Sterling,
1979,Stick,Stick (comics)
1980,Stiletto,Stiletto (comics)
1981,Farley Stillwell,Farley Stillwell
1982,Stilt-Man,Stilt-Man
1983,Stinger,Stinger (Marvel Comics)
1984,Stingray,Stingray (comics)
1985,Stone,
1986,Kron Stone,
1987,Tiberius Stone,
1988,Tyler Stone,
1989,Stonecutter,Stonecutter (comics)
1990,Stoneface,
1991,Stonewall,Stonewall (comics)
1992,Storm,Storm (Marvel Comics)
1993,Franklin Storm,Franklin Storm
1994,Stranger,Stranger (comics)
1995,Gene Strausser,Damage Control (comics)
1996,Straw Man,Straw Man (comics)
1997,Striker,
1998,Stringfellow,Stringfellow (comics)
1999,Strobe,Strobe (comics)
2000,Mendel Stromm,Mendel Stromm
2001,Strong Guy,Strong Guy
2002,Strongman,Strongman (comics)
2003,Simon Stroud,
2004,Stryfe,Stryfe
2005,William Stryker,William Stryker
2006,Alistaire Stuart,
2007,Alysande Stuart,
2008,Stuntmaster,Stunt-Master (comics)
2009,Styx and Stone,Styx and Stone
2010,Subbie,
2011,Sublime,
2012,Subterranea,Subterranea (comics)
2013,Sugar Man,
2014,Sui-San,
2015,Hope Summers,Hope Summers (comics)
2016,Ruby Summers,Ruby Summers
2017,Lin Sun,Sons of the Tiger
2018,Sun Girl,Sun Girl (Marvel Comics)
2019,Sunder,
2020,Sunfire,Sunfire (comics)
2021,Sunpyre,Sunpyre
2022,Sunspot,Sunspot (comics)
2023,Sunturion,Sunturion
2024,Super-Adaptoid,Super-Adaptoid
2025,Super-Patriot,Super-Patriot (Marvel Comics)
2026,Super Rabbit,Super Rabbit (comics)
2027,Super Sabre,Super Sabre (comics)
2028,Super-Skrull,Super-Skrull
2029,Supergiant,Supergiant (comics)
2030,Superia,Superia
2031,Superior,
2032,Supernova,Supernova (Marvel Comics)
2033,Supreme Intelligence,Supreme Intelligence
2034,Supreme Leader,
2035,Surtur,Surtur (Marvel Comics)
2036,Swarm,Swarm (comics)
2037,Sway,
2038,Jenny Swensen,Jenny Swensen
2039,Beverly Switzler,Beverly Switzler
2040,Sword Master,Lin Lie
2041,Swordsman,Swordsman (comics)
2042,Kevin Sydney,Kevin Sydney
2043,Sydren,Sydren
2044,S'ym,
2045,Synapse,Synapse (comics)
2046,Synch,Synch (comics)
2047,Margali Szardos,
2048,T-Ray,T-Ray (comics)
2049,Tag,Tag (comics)
2050,Tai,Tai (comics)
2051,Hiro Takachiho,Hiro Takachiho
2052,Glenn Talbot,Glenn Talbot
2053,Talisman,Talisman (Alpha Flight)
2054,Talon,
2055,Talos the Untamed,Talos the Untamed
2056,Tangerine,
2057,Tara,
2058,Tarantula,Tarantula (Marvel Comics)
2059,Tarot,
2060,Tarzan,Tarzan in comics#Marvel Comics
2061,Taserface,Taserface
2062,Taskmaster,Taskmaster (comics)
2063,Tatterdemalion,
2064,Tattoo,
2065,Taurus,Taurus (comics)
2066,Orwell Taylor,
2067,Taxi Taylor,
2068,Tazza,Tazza (comics)
2069,Teen Abomination,Teen Abomination
2070,Teena the Fat Lady,
2071,Tempest,Angel Salvadore
2072,Claire Temple,Claire Temple|Claire Temple (Marvel Cinematic Universe)
2073,Tempo,Tempo (comics)
2074,Tempus,
2075,Temugin,
2076,Tenebrous,Tenebrous (Marvel Comics)
2077,Terminus,
2078,Terraformer,Terraformer (comics)
2079,Terrax,Terrax
2080,Terror,Terror Inc.
2081,TESS-One,
2082,Texas Twister,Texas Twister
2083,Thane,
2084,Thanos,Thanos|Thanos (Marvel Cinematic Universe)
2085,Thena,Thena
2086,Therak,Death Web (comics)
2087,Thermite,Thermite (comics)
2088,Thin Man,Thin Man (comics)
2089,Thing,Thing (comics)
2090,Thog,Thog (comics)
2091,Thomas Phillip Moreau,
2092,Thor,Thor (Marvel Comics)|Thor (Ultimate Marvel character)|Thor (Marvel Cinematic Universe)
2093,Thor Girl,Thor Girl
2094,Thorn,
2095,Professor Thorton,Professor Thorton
2096,Thori,
2097,Thousand,
2098,Threnody,Threnody (comics)
2099,Thunderball,Thunderball (comics)
2100,Thunderbird,Thunderbird (John Proudstar)
2101,Thunderbolt,Thunderbolt (Marvel Comics)
2102,Thunderclap,Thunderclap (comics)
2103,Thunderer,Thunderer (Marvel Comics)
2104,Thunderstrike,Thunderstrike (Eric Masterson)
2105,Thundersword,Thundersword
2106,Thundra,Thundra
2107,Tiboro,
2108,Tick-Tock,
2109,Tiger Shark,Tiger Shark (Marvel Comics)
2110,Tigra,Tigra
2111,Tim Boo Ba,
2112,Timberius,
2113,Timebroker,Timebroker
2114,Timeslip,Timeslip (comics)
2115,Tin Man,
2116,Tinkerer,Tinkerer (Marvel Comics)
2117,Tippy-Toe,
2118,Titan,
2119,Titania,Titania (Marvel Comics)
2120,Titanium Man,Titanium Man
2121,Titannus,Titannus
2122,Toad,Toad (comics)
2123,Tom Thumb,
2124,Tomazooma,
2125,Tombstone,Tombstone (comics)
2126,Tonaja,Tonaja
2127,Valeria Toomes,
2128,Topaz,Topaz (Marvel Comics)
2129,Torgo,
2130,Toro,Toro (comics)
2131,Torpedo,Torpedo (Marvel Comics)
2132,Tower,
2133,Tower of Flower,Klara Prast
2134,Blake Tower,Blake Tower
2135,Toxie Doxie,June Covington
2136,Toxin,Toxin (comics)
2137,Tracer,Tracer (Marvel Comics)
2138,Trance,Trance (comics)
2139,Transonic,Transonic (comics)
2140,Trapster,Trapster
2141,Trash,Trash (comics)
2142,Bolivar Trask,Bolivar Trask
2143,Larry Trask,
2144,Trauma,
2145,Judas Traveller,Judas Traveller
2146,Lorelei Travis,Lorelei Travis
2147,Roland Treece,
2148,Tremolo,Tremolo (comics)
2149,Dilbert Trilby,
2150,Tricephalous,Tricephalous (comics)
2151,Trick Shot/Trickshot,Trick Shot (comics)
2152,Triton,Triton (comics)
2153,Troll,Troll (Marvel Comics)
2154,Damian Tryp,Damian Tryp
2155,Matsu'o Tsurayaba,Matsu'o Tsurayaba
2156,Tuck,
2157,Tumbler,
2158,Tundra,
2159,Turbo,Turbo (comics)
2160,Turner D. Century,Turner D. Century
2161,Tusk,Tusk (comics)
2162,Ted Twaki,
2163,Twilight,
2164,Two-Gun Kid,Two-Gun Kid
2165,Tyger Tiger,Jessan Hoan
2166,Typeface,Typeface (comics)
2167,Typhon,Typhon (comics)
2168,Tyr,Tyr (Marvel Comics)
2169,Tyrak,Tyrak
2170,Tyrannus,
2171,Tyrant,Tyrant (Marvel Comics)
2172,Uatu,Uatu
2173,Ulik,Ulik
2174,Ultimaton,
2175,Ultimo,Ultimo (Marvel Comics)
2176,Ultimus,
2177,Ultragirl,
2178,Ultron,Ultron
2179,U-Man,U-Man
2180,Umar,Umar (Marvel Comics)
2181,Underworld,Underworld (comics)
2182,Unicorn,Unicorn (Marvel Comics)
2183,Uni-Mind,Uni-Mind
2184,Union Jack,Union Jack (comics)
2185,Unspoken,
2186,Unus the Untouchable,Unus the Untouchable
2187,Unuscione,
2188,Uranos,
2189,Ben Urich,Ben Urich
2190,Phil Urich,Phil Urich
2191,Ev Teel Urizen,
2192,Ursa Major,Ursa Major (comics)
2193,U.S. Agent,U.S. Agent (comics)
2194,Vagabond,
2195,Valkin,
2196,Valkyrie,Valkyrie (Marvel Comics)
2197,Vamp,
2198,Rachel Van Helsing,
2199,Michael Van Patrick,Michael Van Patrick
2200,Vanguard,
2201,Vanisher,Vanisher
2202,Vapor,U-Foes#Vapor
2203,Vargas,
2204,Varnae,
2205,Vector,U-Foes#Vector
2206,Veil,
2207,Velocidad,
2208,Vengeance,Vengeance (comics)
2209,Venom,Venom (Marvel Comics character)
2210,Venomm,Venomm
2211,Venus,Venus (Marvel Comics)
2212,Vermin,Vermin (comics)
2213,Kristoff Vernard,Kristoff Vernard
2214,Vertigo,Vertigo (Marvel Comics)
2215,Vessel,Vessel (comics)
2216,Vibraxas,Vibraxas
2217,Vibro,
2218,Victorius,Scientist Supreme#Victorius
2219,Vidar,Vidar (Marvel Comics)
2220,Viper,Viper (Marvel Comics)
2221,Virgo,Virgo (comics)
2222,Vishanti,Vishanti
2223,Visimajoris,
2224,Vision,Vision (Timely Comics)
2225,Viv Vision,
2226,Amelia Voght,Amelia Voght
2227,Voice,Voice (comics)
2228,Philip Nolan Voigt,DP 7
2229,Volcana,Volcana (Marvel Comics)
2230,Volla,Volla (comics)
2231,Volstagg,Volstagg
2232,Lucia von Bardas,
2233,Baron Von Blitzschlag,Baron Von Blitzschlag
2234,Friedrich Von Roehm,Friedrich Von Roehm
2235,Andrea and Andreas von Strucker,Fenris (comics)
2236,Werner von Strucker,Werner von Strucker
2237,Voyager,Voyager (comics)
2238,Vulcan,Vulcan (Marvel Comics)
2239,Dorothy Walker,
2240,Walking Stiletto,
2241,Wallflower,Wallflower (comics)
2242,Walrus,Walrus (comics)
2243,War,War (Marvel Comics)
2244,War Dog,
2245,Grant Ward,Grant Ward (Marvel Cinematic Universe)#Comics
2246,Stewart Ward,
2247,War Machine,War Machine
2248,Warbird,Carol Danvers
2249,Warlock,Warlock (New Mutants)
2250,Adam Warlock,Adam Warlock
2251,Warpath,Warpath (comics)
2252,Miles Warren,Jackal (Marvel Comics)
2253,Raymond Warren,
2254,Warrior Woman,Warrior Woman (Marvel Comics)
2255,Warstar,
2256,Warcat,Warwolf (Marvel Comics)
2257,Washout,Washout (comics)
2258,Wasp,Wasp (comics)
2259,Mayor Waters,
2260,Anna Watson,Anna Watson (comics)
2261,Mary Jane Watson,Mary Jane Watson|Mary Jane Watson (Sam Raimi film series)
2262,Wave,
2263,Kate Waynesboro,
2264,Weapon H,Weapon H
2265,Wendigo,Wendigo (comics)
2266,Werewolf by Night,Werewolf by Night
2267,James Wesley,
2268,Nicodemus West,Nicodemus West
2269,Western Kid,Western Kid
2270,Evangeline Whedon,Evangeline Whedon
2271,Whiplash,Whiplash (comics)
2272,Whirlwind,Whirlwind (comics)
2273,Abraham Whistler,Abraham Whistler
2274,White Fox,
2275,White Dragon,White Dragon (comics)
2276,White Jennie,
2277,White Rabbit,White Rabbit (comics)
2278,White Tiger,White Tiger (comics)
2279,White Wolf,
2280,Whiteout,Whiteout (Marvel Comics)
2281,Debra Whitman,Debra Whitman
2282,Whizzer,Whizzer (comics)
2283,Wiccan,Wiccan (comics)
2284,Wild Child,Wild Child (comics)
2285,Wild Thing,
2286,Alex Wilder,Alex Wilder
2287,Geoffrey and Catherine Wilder,Pride (comics)#The Wilder family
2288,Wildside,Mutant Liberation Front
2289,Wildstreak,Wildstreak
2290,Jason Wilkes,
2291,Will o' the Wisp,Will o' the Wisp (comics)
2292,Riri Williams,Riri Williams
2293,Willow,
2294,Jim Wilson,Jim Wilson (comics)
2295,Wind Dancer,Wind Dancer
2296,Windshear,
2297,Wing,Wing (Marvel Comics)
2298,Colleen Wing,Colleen Wing
2299,Wyatt Wingfoot,Wyatt Wingfoot
2300,Winter Soldier,Bucky Barnes
2301,Norah Winters,
2302,Wipeout,Wipeout (comics)
2303,Pete Wisdom,Pete Wisdom
2304,Romany Wisdom,Romany Wisdom
2305,Witchfire,
2306,Wither,Wither (comics)
2307,Witness,Witness (comics)
2308,Wizard,Wizard (Marvel Comics)
2309,W'Kabi,
2310,Wolf Cub,
2311,Wolf Spider,
2312,Wolfsbane,Wolfsbane (comics)
2313,Wolverine,Wolverine (character)|Wolverine (Ultimate Marvel character)|Logan (film series character)
2314,Wonder Man,Wonder Man
2315,Wong,Wong (comics)
2316,Wong-Chu,Wong-Chu
2317,Jimmy Woo,Jimmy Woo
2318,Woodgod,
2319,Wraith,Wraith (Brian DeWolff)
2320,Wrecker,Wrecker (comics)
2321,Leiko Wu,
2322,Wundarr the Aquarian,Wundarr the Aquarian
2323,Wysper,Wysper
2324,Professor X,Professor X
2325,Xavin,Xavin
2326,X-Cutioner,
2327,Xemnu,
2328,Xi'an,
2329,X-Man,Nate Grey
2330,Xorn,Xorn
2331,X-Ray,U-Foes#X-Ray
2332,Y'Garon,
2333,Yandroth,
2334,Mariko Yashida,Mariko Yashida
2335,Shingen Yashida,Shingen Yashida
2336,Yellow Claw,Yellow Claw (comics)
2337,Yellowjacket,Yellowjacket (Marvel Comics)
2338,Yeti,
2339,Ho Yinsen,
2340,Ymir,Ymir (Marvel Comics)
2341,Yondpoo,Yondu
2342,Yon-Rogg,Yon-Rogg
2343,Dale and Stacey Yorkes,Pride (comics)#The Yorkes family
2344,Kagenobu Yoshioka,
2345,Yukio,Yukio (comics)
2346,Yukon Jack,
2347,Zabu,Zabu
2348,Zadkiel,
2349,Zaladane,
2350,Maximillian Zaran,
2351,Princess Zanda,
2352,Peter Van Zante,
2353,Zarathos,Zarathos
2354,Zarrko,Zarrko
2355,Zeitgeist,X-Statix#X-Force
2356,Helmut Zemo,Helmut Zemo
2357,Zero,
2358,Zero-G,Alex Power
2359,Zeus,Zeus (Marvel Comics)
2360,Zheng Bao Yu,Zheng Bao Yu
2361,Zheng Zu,Zheng Zu
2362,Zoe Zimmer,
2363,Arnim Zola,Arnim Zola
2364,Zom,
2365,Zombie,Zombie (comics)
2366,Zorro,Zorro (comics)
2367,Carlo Zota,Enclave (comics)
2368,Zuras,list of Eternals
2369,Zuri,
2370,Zzzax,Zzzax
2371,3-D Man,3-D Man
2372,8-Ball,
